,"North American Industry Classification System, NAICS - code","North American Industry Classification System, NAICS",Location indicator - code,Location indicator,Reference year,Total number of businesses,Total revenue,Sales of goods and services ( percent of total revenue),Cost of sales (direct expenses) (%),Operating expenses (indirect expenses) (%),Total expenses,Net Profit/Loss,Total assets,Total current assets,Total liabilities,Total current liabilities,Total equity,Debt to equity ratio (times),Current debt to equity (%),Revenue to equity ratio (times),Net profit to equity (%),Gross margin (%)
0,0,All industries,1.0,Rural,2017.0,6901,9259.4,95.5,58.5,37.6,8896.5,362.8,7255.4,3181.8,4064.8,2293.4,3190.6,1.3,71.9,2.9,11.4,38.7
1,0,All industries,2.0,Urban,2017.0,40390,9499.6,92.1,59.3,34.3,8893.6,605.9,11645.7,4610.8,6135.9,3111.0,5509.8,1.1,56.5,1.7,11.0,35.6
2,11,"Agriculture, forestry, fishing and hunting",1.0,Rural,2017.0,1108,8615.9,93.0,18.2,92.6,9545.2,-929.3,10822.2,3764.2,6337.5,3141.1,4484.7,1.4,70.0,1.9,-20.7,80.5
3,11,"Agriculture, forestry, fishing and hunting",2.0,Urban,2017.0,835,8840.2,94.2,21.5,89.7,9836.3,-996.1,11223.4,3685.3,7437.1,3570.2,3786.3,2.0,94.3,2.3,-26.3,77.1
4,111,Crop production,1.0,Rural,2017.0,428,8132.5,89.9,8.7,100.5,8881.1,-748.7,12045.7,4228.1,6595.3,3110.9,5450.4,1.2,57.1,1.5,-13.7,90.3
5,111,Crop production,2.0,Urban,2017.0,377,8660.0,94.2,11.5,100.8,9720.2,-1060.2,11526.2,3766.6,7266.7,3265.5,4259.5,1.7,76.7,2.0,-24.9,87.8
6,112,Animal production and aquaculture,1.0,Rural,2017.0,377,8801.3,92.6,8.1,124.5,11674.6,-2873.4,13637.2,4689.7,8716.7,4406.8,4920.5,1.8,89.6,1.8,-58.4,91.2
7,112,Animal production and aquaculture,2.0,Urban,2017.0,224,8622.0,93.7,6.6,124.6,11313.7,-2691.7,15295.4,4661.9,10445.5,4741.5,4849.9,2.2,97.8,1.8,-55.5,93.0
9,113,Forestry and logging,2.0,Urban,2017.0,118,9326.2,98.2,55.5,36.0,8533.8,792.4,5824.3,1730.5,3684.0,1943.4,2140.3,1.7,90.8,4.4,37.0,43.5
11,114,"Fishing, hunting and trapping",2.0,Urban,2017.0,14,10146.1,97.3,28.2,63.7,9326.7,819.3,12597.8,3446.9,8182.5,3403.7,4415.2,1.9,77.1,2.3,18.6,71.0
12,115,Support activities for agriculture and forestry,1.0,Rural,2017.0,81,9290.7,94.4,54.4,41.7,8931.4,359.3,5221.8,2897.1,3066.8,2123.9,2155.0,1.4,98.6,4.3,16.7,42.3
13,115,Support activities for agriculture and forestry,2.0,Urban,2017.0,102,9243.7,89.8,46.2,46.8,8597.3,646.4,7219.1,3533.9,5699.9,4029.3,1519.2,3.8,265.2,6.1,42.6,48.5
14,21,"Mining, quarrying, and oil and gas extraction",1.0,Rural,2017.0,131,9178.2,97.9,41.4,48.9,8287.5,890.7,9928.2,3371.5,6166.8,2934.7,3761.4,1.6,78.0,2.4,23.7,57.7
15,21,"Mining, quarrying, and oil and gas extraction",2.0,Urban,2017.0,385,10134.1,89.5,46.9,80.1,12871.1,-2737.0,37954.3,7119.0,16853.7,7676.8,21100.6,0.8,36.4,0.5,-13.0,47.6
17,211,Oil and gas extraction,2.0,Urban,2017.0,86,10536.9,86.8,42.2,194.6,24950.9,-14414.0,73385.7,11559.6,35929.0,18849.9,37456.6,1.0,50.3,0.3,-38.5,51.4
19,212,Mining and quarrying (except oil and gas),2.0,Urban,2017.0,71,10762.5,95.6,62.1,37.4,10708.0,54.4,24281.5,8052.7,9739.4,6042.6,14542.1,0.7,41.6,0.7,0.4,35.0
20,213,"Support activities for mining, and oil and gas extraction",1.0,Rural,2017.0,90,8878.1,98.3,35.4,54.5,7975.6,902.5,7077.6,2863.9,4794.6,2667.9,2283.0,2.1,116.9,3.9,39.5,64.0
21,213,"Support activities for mining, and oil and gas extraction",2.0,Urban,2017.0,228,9786.5,88.5,43.6,48.2,8988.2,798.3,28847.5,5153.3,11874.0,3971.3,16973.5,0.7,23.4,0.6,4.7,50.7
22,22,Utilities,1.0,Rural,2017.0,34,8889.3,91.5,50.5,47.3,8690.0,199.3,37058.3,5047.8,17819.3,8828.4,19239.0,0.9,45.9,0.5,1.0,44.8
23,22,Utilities,2.0,Urban,2017.0,70,9957.1,90.5,39.2,52.6,9147.0,810.2,33397.3,7767.3,20560.2,6337.7,12837.1,1.6,49.4,0.8,6.3,56.6
24,221,Utilities,1.0,Rural,2017.0,34,8889.3,91.5,50.5,47.3,8690.0,199.3,37058.3,5047.8,17819.3,8828.4,19239.0,0.9,45.9,0.5,1.0,44.8
25,221,Utilities,2.0,Urban,2017.0,70,9957.1,90.5,39.2,52.6,9147.0,810.2,33397.3,7767.3,20560.2,6337.7,12837.1,1.6,49.4,0.8,6.3,56.6
26,23,Construction,1.0,Rural,2017.0,851,8883.3,98.6,64.8,26.9,8146.5,736.8,5429.8,3125.5,3466.5,2149.6,1963.3,1.8,109.5,4.5,37.5,34.3
27,23,Construction,2.0,Urban,2017.0,7000,9239.5,97.4,75.3,18.3,8654.0,585.5,7497.7,4831.7,5204.6,3314.7,2293.0,2.3,144.6,4.0,25.5,22.7
28,236,Construction of buildings,1.0,Rural,2017.0,271,8531.1,97.7,81.0,14.2,8127.4,403.7,4850.1,3223.3,3253.7,2071.0,1596.4,2.0,129.7,5.3,25.3,17.0
29,236,Construction of buildings,2.0,Urban,2017.0,2640,9371.0,97.3,80.7,13.8,8858.4,512.6,8178.7,5811.7,6174.4,4144.7,2004.3,3.1,206.8,4.7,25.6,17.0
30,237,Heavy and civil engineering construction,1.0,Rural,2017.0,221,9718.3,98.9,53.8,35.4,8671.4,1046.9,6589.5,3605.2,4342.4,2559.0,2247.1,1.9,113.9,4.3,46.6,45.6
31,237,Heavy and civil engineering construction,2.0,Urban,2017.0,1035,9561.2,92.4,65.8,24.8,8656.9,904.3,14383.5,6965.0,9590.2,4715.4,4793.3,2.0,98.4,2.0,18.9,28.8
32,238,Specialty trade contractors,1.0,Rural,2017.0,359,8635.1,99.0,60.2,30.5,7837.8,797.3,5153.6,2756.4,3087.9,1956.9,2065.7,1.5,94.7,4.2,38.6,39.2
33,238,Specialty trade contractors,2.0,Urban,2017.0,3325,9035.0,99.2,74.0,20.0,8490.9,544.1,4813.5,3389.5,3069.5,2219.7,1744.0,1.8,127.3,5.2,31.2,25.4
34,31-33,Manufacturing,1.0,Rural,2017.0,809,9757.6,98.3,71.8,21.8,9124.5,633.0,7217.0,3856.8,4125.9,2235.8,3091.1,1.3,72.3,3.2,20.5,27.0
35,31-33,Manufacturing,2.0,Urban,2017.0,4683,9837.4,98.6,68.8,26.0,9319.1,518.3,7308.1,4495.0,4327.3,2569.5,2980.9,1.5,86.2,3.3,17.4,30.3
36,311,Food manufacturing,1.0,Rural,2017.0,140,10467.4,97.2,72.1,23.1,9965.1,502.3,6504.9,2818.4,3663.1,1612.4,2841.7,1.3,56.7,3.7,17.7,25.8
37,311,Food manufacturing,2.0,Urban,2017.0,401,9835.4,98.3,71.4,24.0,9380.0,455.5,5918.7,3163.8,3980.1,1876.0,1938.6,2.1,96.8,5.1,23.5,27.4
38,312,Beverage and tobacco product manufacturing,1.0,Rural,2017.0,10,9476.2,94.5,46.2,51.3,9243.2,233.0,17845.5,4273.7,10083.6,3393.3,7761.9,1.3,43.7,1.2,3.0,51.1
39,312,Beverage and tobacco product manufacturing,2.0,Urban,2017.0,53,9451.3,96.0,54.0,41.7,9049.6,401.7,9826.4,4747.4,8688.4,3058.6,1138.0,7.6,268.8,8.3,35.3,43.8
41,313,Textile mills,2.0,Urban,2017.0,23,9688.5,99.4,71.1,23.3,9150.5,538.0,6790.7,4719.8,4391.4,3287.3,2399.4,1.8,137.0,4.0,22.4,28.4
43,314,Textile product mills,2.0,Urban,2017.0,38,9646.2,99.3,71.4,21.1,8915.2,730.9,6387.0,4705.8,3142.2,2097.4,3244.8,1.0,64.6,3.0,22.5,28.1
44,315,Clothing manufacturing,1.0,Rural,2017.0,8,8275.4,98.6,74.3,18.9,7714.2,561.2,8329.1,4544.9,3692.3,1342.4,4636.9,0.8,29.0,1.8,12.1,24.6
45,315,Clothing manufacturing,2.0,Urban,2017.0,59,9314.7,99.5,67.1,27.2,8786.0,528.6,5576.9,4275.2,2803.8,1955.9,2773.2,1.0,70.5,3.4,19.1,32.5
47,316,Leather and allied product manufacturing,2.0,Urban,2017.0,11,10647.8,99.9,72.2,20.0,9813.5,834.3,6224.4,4777.7,3620.0,2723.1,2604.4,1.4,104.6,4.1,32.0,27.8
48,321,Wood product manufacturing,1.0,Rural,2017.0,139,10025.0,98.6,73.6,20.3,9415.2,609.8,7480.4,3774.3,4765.7,2481.3,2714.6,1.8,91.4,3.7,22.5,25.4
49,321,Wood product manufacturing,2.0,Urban,2017.0,265,9675.6,99.3,76.3,19.2,9239.9,435.6,5434.0,3436.8,3145.3,1868.0,2288.6,1.4,81.6,4.2,19.0,23.1
50,322,Paper manufacturing,1.0,Rural,2017.0,8,12117.9,100.0,73.9,20.3,11414.1,703.8,8248.6,3696.5,6551.9,3942.6,1696.7,3.9,232.4,7.1,41.5,26.1
51,322,Paper manufacturing,2.0,Urban,2017.0,70,10340.9,99.6,73.3,21.1,9757.3,583.5,6003.2,3693.7,2998.0,1838.4,3005.3,1.0,61.2,3.4,19.4,26.4
52,323,Printing and related support activities,1.0,Rural,2017.0,6,9220.0,98.8,73.0,19.3,8514.4,705.5,3733.1,2728.4,2918.6,1488.0,814.5,3.6,182.7,11.3,86.6,26.0
53,323,Printing and related support activities,2.0,Urban,2017.0,179,9443.0,99.1,65.9,29.3,8987.0,456.1,6099.2,3223.0,3704.3,2097.2,2394.9,1.5,87.6,3.9,19.0,33.6
55,324,Petroleum and coal product manufacturing,2.0,Urban,2017.0,34,9767.0,99.7,76.5,16.7,9103.9,663.1,8078.7,4127.9,5207.5,2776.4,2871.3,1.8,96.7,3.4,23.1,23.3
56,325,Chemical manufacturing,1.0,Rural,2017.0,24,9650.5,93.9,73.1,27.9,9755.2,-104.6,12997.3,4281.4,6992.9,4960.9,6004.4,1.2,82.6,1.6,-1.7,22.1
57,325,Chemical manufacturing,2.0,Urban,2017.0,238,10709.1,98.0,59.1,38.4,10441.1,268.0,9683.4,4574.1,4945.2,2818.8,4738.2,1.0,59.5,2.3,5.7,39.7
58,326,Plastics and rubber products manufacturing,1.0,Rural,2017.0,44,9704.2,98.8,68.9,24.0,9015.0,689.2,6330.2,3540.1,4507.7,2190.4,1822.5,2.5,120.2,5.3,37.8,30.3
59,326,Plastics and rubber products manufacturing,2.0,Urban,2017.0,385,10315.7,98.5,71.2,22.3,9640.8,674.9,7251.7,4384.8,4419.1,2698.2,2832.7,1.6,95.3,3.6,23.8,27.8
60,327,Non-metallic mineral product manufacturing,1.0,Rural,2017.0,47,9514.3,98.8,65.7,26.7,8791.5,722.8,8199.1,3716.5,3927.3,1781.9,4271.9,0.9,41.7,2.2,16.9,33.5
61,327,Non-metallic mineral product manufacturing,2.0,Urban,2017.0,214,9383.9,98.1,69.5,24.2,8788.8,595.0,7385.4,4259.1,4278.1,2460.0,3107.3,1.4,79.2,3.0,19.1,29.2
62,331,Primary metal manufacturing,1.0,Rural,2017.0,12,10764.1,92.4,76.4,15.2,9864.1,900.0,8990.7,4671.6,7056.1,3245.6,1934.7,3.6,167.8,5.6,46.5,17.2
63,331,Primary metal manufacturing,2.0,Urban,2017.0,66,9988.1,99.4,76.7,17.7,9433.3,554.8,8439.0,5579.5,4588.2,2072.3,3850.8,1.2,53.8,2.6,14.4,22.8
64,332,Fabricated metal product manufacturing,1.0,Rural,2017.0,103,9761.6,98.8,73.6,18.5,8984.5,777.1,7013.3,4240.9,3966.0,2453.5,3047.3,1.3,80.5,3.2,25.5,25.6
65,332,Fabricated metal product manufacturing,2.0,Urban,2017.0,863,9493.0,99.2,71.1,22.9,8929.6,563.3,7097.3,4510.1,3996.6,2459.2,3100.7,1.3,79.3,3.1,18.2,28.3
66,333,Machinery manufacturing,1.0,Rural,2017.0,119,9406.7,98.7,68.7,21.6,8498.1,908.6,7175.8,4932.3,3348.1,2061.1,3827.8,0.9,53.8,2.5,23.7,30.4
67,333,Machinery manufacturing,2.0,Urban,2017.0,639,9934.9,98.4,68.5,26.1,9400.6,534.4,8597.0,5424.7,5079.7,3143.0,3517.3,1.4,89.4,2.8,15.2,30.4
69,334,Computer and electronic product manufacturing,2.0,Urban,2017.0,258,10153.1,96.8,57.3,39.4,9816.2,336.9,9660.4,6255.0,5187.8,2904.5,4472.6,1.2,64.9,2.3,7.5,40.8
70,335,"Electrical equipment, appliance and component manufacturing",1.0,Rural,2017.0,11,9484.7,98.9,74.9,16.5,8670.8,813.9,9875.7,7655.6,4167.6,3470.7,5708.1,0.7,60.8,1.7,14.3,24.2
71,335,"Electrical equipment, appliance and component manufacturing",2.0,Urban,2017.0,155,10129.5,98.8,66.6,30.8,9866.3,263.2,8867.4,5654.6,5390.6,3628.5,3476.9,1.6,104.4,2.9,7.6,32.5
72,336,Transportation equipment manufacturing,1.0,Rural,2017.0,46,9709.9,99.0,77.4,17.8,9244.4,465.4,5422.0,3368.9,3509.9,1964.5,1912.1,1.8,102.7,5.1,24.3,21.8
73,336,Transportation equipment manufacturing,2.0,Urban,2017.0,207,10212.5,98.3,72.3,23.3,9762.0,450.5,7885.1,5450.8,5173.9,3302.6,2711.2,1.9,121.8,3.8,16.6,26.4
74,337,Furniture and related product manufacturing,1.0,Rural,2017.0,40,9317.8,99.6,75.2,20.5,8913.3,404.6,5251.5,3369.5,3184.9,1770.4,2066.5,1.5,85.7,4.5,19.6,24.5
75,337,Furniture and related product manufacturing,2.0,Urban,2017.0,256,9402.7,99.7,71.5,22.4,8822.4,580.3,5000.2,3465.3,3299.3,2119.9,1700.9,1.9,124.6,5.5,34.1,28.3
76,339,Miscellaneous manufacturing,1.0,Rural,2017.0,32,8051.4,99.6,69.5,24.2,7541.8,509.6,6000.7,3445.7,3933.1,2440.2,2067.6,1.9,118.0,3.9,24.6,30.2
77,339,Miscellaneous manufacturing,2.0,Urban,2017.0,269,9733.0,98.5,63.6,28.9,8998.4,734.6,6227.3,4201.8,3783.4,2538.9,2443.9,1.5,103.9,4.0,30.1,35.5
78,41,Wholesale trade,1.0,Rural,2017.0,795,9801.3,98.7,78.9,17.7,9468.0,333.3,5100.6,3424.1,2880.4,2089.2,2220.2,1.3,94.1,4.4,15.0,20.0
79,41,Wholesale trade,2.0,Urban,2017.0,6435,9824.7,98.7,73.2,22.8,9430.1,394.7,5309.1,3965.0,3157.8,2247.5,2151.3,1.5,104.5,4.6,18.3,25.9
80,411,Farm product merchant wholesalers,1.0,Rural,2017.0,61,9975.8,99.0,74.1,34.0,10783.7,-807.9,4158.3,2495.6,2804.2,1835.0,1354.2,2.1,135.5,7.4,-59.7,25.1
81,411,Farm product merchant wholesalers,2.0,Urban,2017.0,95,9897.1,99.4,66.9,39.2,10503.3,-606.1,4906.2,3073.4,2783.2,1870.0,2123.0,1.3,88.1,4.7,-28.5,32.7
82,412,Petroleum and petroleum products merchant wholesalers,1.0,Rural,2017.0,38,10596.8,99.3,87.0,11.5,10441.1,155.7,3148.1,2000.4,1761.5,1089.2,1386.7,1.3,78.5,7.6,11.2,12.3
83,412,Petroleum and petroleum products merchant wholesalers,2.0,Urban,2017.0,59,10154.4,98.0,78.2,17.8,9748.7,405.7,4606.6,2601.6,2782.1,1848.4,1824.5,1.5,101.3,5.6,22.2,20.2
84,413,"Food, beverage and tobacco merchant wholesalers",1.0,Rural,2017.0,161,9931.1,98.3,84.0,12.9,9623.4,307.8,4234.0,2053.2,1909.5,1292.1,2324.5,0.8,55.6,4.3,13.2,14.5
85,413,"Food, beverage and tobacco merchant wholesalers",2.0,Urban,2017.0,913,10273.1,99.3,81.7,15.7,10007.1,266.0,3695.9,2714.1,2364.8,1704.0,1331.0,1.8,128.0,7.7,20.0,17.7
86,414,Personal and household goods merchant wholesalers,1.0,Rural,2017.0,13,9218.4,100.0,71.9,24.3,8871.4,346.9,8100.7,7271.1,5400.4,5268.9,2700.4,2.0,195.1,3.4,12.8,28.1
87,414,Personal and household goods merchant wholesalers,2.0,Urban,2017.0,862,9942.9,98.7,67.3,28.1,9491.5,451.4,5842.5,4812.8,3709.7,2807.3,2132.8,1.7,131.6,4.7,21.2,31.8
88,415,Motor vehicle and motor vehicle parts and accessories merchant wholesalers,1.0,Rural,2017.0,51,10278.1,99.0,75.7,18.5,9683.5,594.7,4820.7,3471.5,2383.0,1968.0,2437.7,1.0,80.7,4.2,24.4,23.5
89,415,Motor vehicle and motor vehicle parts and accessories merchant wholesalers,2.0,Urban,2017.0,447,9952.2,99.5,79.2,17.6,9632.0,320.2,4878.0,3483.7,2749.8,1866.4,2128.2,1.3,87.7,4.7,15.0,20.4
90,416,Building material and supplies merchant wholesalers,1.0,Rural,2017.0,67,9712.0,97.5,74.9,18.6,9082.3,629.7,7497.9,3638.9,3906.4,2318.4,3591.5,1.1,64.6,2.7,17.5,23.2
91,416,Building material and supplies merchant wholesalers,2.0,Urban,2017.0,1031,9784.1,99.0,73.2,21.4,9256.8,527.3,5328.9,4292.8,3058.4,2224.9,2270.5,1.3,98.0,4.3,23.2,26.1
92,417,"Machinery, equipment and supplies merchant wholesalers",1.0,Rural,2017.0,235,9538.3,98.8,78.5,15.8,8996.4,541.9,5690.7,4746.7,3528.0,2777.8,2162.7,1.6,128.4,4.4,25.1,20.6
93,417,"Machinery, equipment and supplies merchant wholesalers",2.0,Urban,2017.0,1796,9616.0,98.6,70.1,26.0,9244.2,371.8,6056.2,4393.6,3558.6,2494.1,2497.6,1.4,99.9,3.9,14.9,28.9
94,418,Miscellaneous merchant wholesalers,1.0,Rural,2017.0,140,9960.8,98.8,77.6,18.8,9609.2,351.6,5055.9,3316.4,2903.5,2019.3,2152.4,1.3,93.8,4.6,16.3,21.4
95,418,Miscellaneous merchant wholesalers,2.0,Urban,2017.0,888,9885.7,98.6,73.8,21.3,9401.3,484.5,5271.8,3765.1,3042.9,2066.3,2228.9,1.4,92.7,4.4,21.7,25.1
96,419,"Business-to-business electronic markets, and agents and brokers",1.0,Rural,2017.0,29,8661.4,98.9,76.3,21.6,8483.2,178.2,3493.6,2350.5,1911.6,1376.6,1582.0,1.2,87.0,5.5,11.3,22.8
97,419,"Business-to-business electronic markets, and agents and brokers",2.0,Urban,2017.0,344,9150.2,96.0,71.6,23.4,8695.0,455.2,5183.1,3562.5,3079.8,2203.1,2103.2,1.5,104.7,4.4,21.6,25.4
98,44-45,Retail trade,1.0,Rural,2017.0,1961,9671.1,98.3,78.0,19.3,9405.3,265.7,3894.1,2494.7,2367.5,1745.5,1526.6,1.6,114.3,6.3,17.4,20.7
99,44-45,Retail trade,2.0,Urban,2017.0,6638,10018.5,98.2,74.5,22.9,9758.6,259.9,3527.0,2505.5,2405.9,1663.8,1121.0,2.1,148.4,8.9,23.2,24.1
100,441,Motor vehicle and parts dealers,1.0,Rural,2017.0,507,11189.2,98.4,85.3,12.7,10962.7,226.5,5105.8,4111.8,3528.5,3012.1,1577.4,2.2,191.0,7.1,14.4,13.3
101,441,Motor vehicle and parts dealers,2.0,Urban,2017.0,1533,10868.8,98.4,83.3,14.5,10629.5,239.3,4496.5,3591.1,3249.6,2550.2,1247.0,2.6,204.5,8.7,19.2,15.4
103,442,Furniture and home furnishings stores,2.0,Urban,2017.0,308,8712.5,99.0,63.0,32.2,8292.6,419.9,4305.4,3084.7,2498.1,1790.8,1807.4,1.4,99.1,4.8,23.2,36.4
104,443,Electronics and appliance stores,1.0,Rural,2017.0,7,6618.5,99.5,73.2,22.5,6335.2,283.4,2653.6,1845.4,1016.9,928.2,1636.7,0.6,56.7,4.0,17.3,26.4
105,443,Electronics and appliance stores,2.0,Urban,2017.0,147,8642.3,97.8,71.2,25.5,8357.1,285.2,3413.1,2602.8,2092.1,1589.3,1321.1,1.6,120.3,6.5,21.6,27.1
106,444,Building material and garden equipment and supplies dealers,1.0,Rural,2017.0,263,9101.3,98.2,71.0,24.0,8643.7,457.6,5667.2,3522.9,2909.2,2101.9,2758.1,1.1,76.2,3.3,16.6,27.7
107,444,Building material and garden equipment and supplies dealers,2.0,Urban,2017.0,512,9228.8,99.1,70.7,24.9,8821.2,407.6,4944.7,3449.7,2944.6,2134.2,2000.2,1.5,106.7,4.6,20.4,28.7
108,445,Food and beverage stores,1.0,Rural,2017.0,474,10177.4,98.0,76.0,22.5,10029.1,148.4,2205.6,1054.1,1286.8,723.0,918.8,1.4,78.7,11.1,16.1,22.5
109,445,Food and beverage stores,2.0,Urban,2017.0,1092,11115.7,97.9,76.2,22.2,10941.0,174.8,2250.6,1228.7,1638.6,889.9,612.0,2.7,145.4,18.2,28.6,22.2
110,446,Health and personal care stores,1.0,Rural,2017.0,176,8041.9,97.5,66.4,28.9,7661.6,380.3,3448.9,1768.6,2335.4,1299.0,1113.5,2.1,116.7,7.2,34.2,32.0
111,446,Health and personal care stores,2.0,Urban,2017.0,1219,10145.6,97.4,69.8,27.9,9908.9,236.8,2898.8,2107.3,2105.8,1225.7,793.0,2.7,154.6,12.8,29.9,28.4
112,447,Gasoline stations,1.0,Rural,2017.0,262,7539.0,98.7,85.0,13.4,7420.2,118.8,2070.0,766.9,1116.2,446.1,953.8,1.2,46.8,7.9,12.5,13.8
113,447,Gasoline stations,2.0,Urban,2017.0,663,8130.2,98.4,84.5,14.1,8015.7,114.5,1784.9,618.6,1240.2,416.4,544.6,2.3,76.5,14.9,21.0,14.1
115,448,Clothing and clothing accessories stores,2.0,Urban,2017.0,248,9108.3,99.4,55.3,44.8,9115.8,-7.5,4915.2,3791.0,2986.8,2098.8,1928.4,1.5,108.8,4.7,-0.4,44.4
116,451,"Sporting goods, hobby, book and music stores",1.0,Rural,2017.0,6,9174.8,99.4,71.1,21.3,8474.3,700.5,5096.1,4359.7,1302.7,1242.1,3793.4,0.3,32.7,2.4,18.5,28.5
118,452,General merchandise stores,1.0,Rural,2017.0,185,10040.9,98.6,74.2,21.9,9642.4,398.5,4874.9,3210.7,2812.6,2444.0,2062.3,1.4,118.5,4.9,19.3,24.8
120,453,Miscellaneous store retailers,1.0,Rural,2017.0,24,9265.3,99.2,69.6,24.7,8738.7,526.7,5046.5,3097.9,2592.4,1565.9,2454.2,1.1,63.8,3.8,21.5,29.8
121,453,Miscellaneous store retailers,2.0,Urban,2017.0,220,8313.3,97.1,63.0,31.5,7851.0,462.4,3951.7,2574.6,2367.4,1489.3,1584.3,1.5,94.0,5.2,29.2,35.2
122,454,Non-store retailers,1.0,Rural,2017.0,31,9269.6,99.0,80.9,16.9,9060.5,209.0,4969.5,2330.5,3278.0,2802.7,1691.5,1.9,165.7,5.5,12.4,18.3
123,454,Non-store retailers,2.0,Urban,2017.0,188,9611.3,97.1,63.5,31.2,9101.6,509.6,3887.0,2588.9,2806.8,2028.9,1080.2,2.6,187.8,8.9,47.2,34.6
124,48-49,Transportation and warehousing,1.0,Rural,2017.0,436,9105.5,97.4,33.2,55.0,8033.0,1072.5,6203.9,2237.2,4071.2,1978.3,2132.7,1.9,92.8,4.3,50.3,65.9
125,48-49,Transportation and warehousing,2.0,Urban,2017.0,2235,9540.7,97.2,49.3,40.2,8545.3,995.5,6863.4,2867.7,4614.4,2502.4,2249.0,2.1,111.3,4.2,44.3,49.2
127,481,Air transportation,2.0,Urban,2017.0,84,10022.5,91.4,48.0,44.9,9310.2,712.3,18395.9,9976.1,14196.3,10088.9,4199.6,3.4,240.2,2.4,17.0,47.5
129,482,Rail transportation,2.0,Urban,2017.0,13,10191.4,92.1,23.0,66.0,9071.5,1119.9,25630.4,3560.3,11866.1,2392.8,13764.2,0.9,17.4,0.7,8.1,75.1
132,484,Truck transportation,1.0,Rural,2017.0,332,9040.3,97.6,30.4,55.9,7801.0,1239.3,5334.7,2126.4,3461.9,1826.8,1872.8,1.8,97.5,4.8,66.2,68.9
133,484,Truck transportation,2.0,Urban,2017.0,1167,9591.1,98.8,48.3,39.5,8428.7,1162.3,4778.9,2141.7,3283.3,1750.2,1495.6,2.2,117.0,6.4,77.7,51.1
134,485,Transit and ground passenger transportation,1.0,Rural,2017.0,19,8704.8,99.0,25.7,66.9,8059.5,645.3,9191.2,2010.9,6477.8,2711.2,2713.5,2.4,99.9,3.2,23.8,74.1
135,485,Transit and ground passenger transportation,2.0,Urban,2017.0,115,9144.5,97.1,28.7,63.9,8467.3,677.2,7829.2,2451.1,4919.4,2193.8,2909.8,1.7,75.4,3.1,23.3,70.4
139,487,Scenic and sightseeing transportation,2.0,Urban,2017.0,17,8462.8,96.5,40.9,49.4,7642.3,820.5,5629.9,2054.4,3424.2,2142.6,2205.7,1.6,97.1,3.8,37.2,57.6
140,488,Support activities for transportation,1.0,Rural,2017.0,38,8775.2,93.8,56.9,37.3,8269.3,505.9,7426.2,2463.4,4099.1,2277.0,3327.1,1.2,68.4,2.6,15.2,39.3
141,488,Support activities for transportation,2.0,Urban,2017.0,598,9596.8,95.5,58.9,33.2,8839.7,757.1,8790.6,3497.3,5805.4,3101.4,2985.3,1.9,103.9,3.2,25.4,38.3
143,491,Postal service,2.0,Urban,2017.0,7,8266.4,99.6,44.2,45.4,7412.7,853.7,3801.4,1858.1,2296.0,1192.2,1505.4,1.5,79.2,5.5,56.7,55.6
145,492,Couriers and messengers,2.0,Urban,2017.0,70,8828.0,99.7,45.4,36.2,7206.3,1621.7,3582.9,2022.2,1911.9,1275.1,1671.0,1.1,76.3,5.3,97.1,54.5
146,493,Warehousing and storage,1.0,Rural,2017.0,13,11107.4,92.7,57.0,35.8,10316.0,791.4,9686.0,3448.3,6485.0,3695.1,3201.0,2.0,115.4,3.5,24.7,38.5
147,493,Warehousing and storage,2.0,Urban,2017.0,140,9312.3,97.7,40.1,51.3,8510.6,801.7,8591.5,2885.1,5902.9,2795.1,2688.6,2.2,104.0,3.5,29.8,58.9
148,51,Information and cultural industries,1.0,Rural,2017.0,27,8082.7,98.7,19.2,65.4,6843.9,1238.9,10863.5,3064.4,2386.3,1653.0,8477.2,0.3,19.5,1.0,14.6,80.5
149,51,Information and cultural industries,2.0,Urban,2017.0,737,9574.7,94.5,38.7,57.5,9216.7,358.0,9882.4,5768.5,6107.7,4468.2,3774.8,1.6,118.4,2.5,9.5,59.0
150,511,Publishing industries,1.0,Rural,2017.0,6,7478.8,100.0,11.6,63.7,5630.8,1848.0,4493.8,3469.7,2577.0,1597.8,1916.8,1.3,83.4,3.9,96.4,88.4
151,511,Publishing industries,2.0,Urban,2017.0,245,9611.4,94.6,19.5,73.4,8933.8,677.7,11020.6,6770.2,6072.8,4601.3,4947.8,1.2,93.0,1.9,13.7,79.4
153,512,Motion picture and sound recording industries,2.0,Urban,2017.0,216,9385.2,94.6,57.4,36.8,8838.9,546.3,8237.2,6470.0,5998.0,5183.5,2239.2,2.7,231.5,4.2,24.4,39.4
155,515,Broadcasting (except Internet),2.0,Urban,2017.0,30,9150.3,90.3,11.3,95.1,9733.7,-583.5,19837.2,5583.5,7206.9,3375.2,12630.3,0.6,26.7,0.7,-4.6,87.5
157,517,Telecommunications,2.0,Urban,2017.0,160,9803.7,94.8,56.1,41.5,9572.3,231.5,7739.3,3661.9,5007.8,3281.4,2731.5,1.8,120.1,3.6,8.5,40.8
159,518,"Data processing, hosting, and related services",2.0,Urban,2017.0,78,9787.0,95.0,25.1,80.3,10313.0,-526.0,11797.6,5335.2,8556.6,4963.1,3241.1,2.6,153.1,3.0,-16.2,73.6
161,519,Other information services,2.0,Urban,2017.0,8,8506.8,88.4,11.5,86.5,8337.7,169.1,6306.6,3206.4,4135.2,4092.3,2171.5,1.9,188.5,3.9,7.8,86.9
162,53,Real estate and rental and leasing,1.0,Rural,2017.0,96,8626.9,75.3,27.2,55.4,7128.9,1498.0,15933.7,3180.5,10220.9,3205.0,5712.8,1.8,56.1,1.5,26.2,63.8
163,53,Real estate and rental and leasing,2.0,Urban,2017.0,1910,9009.2,49.5,20.1,62.2,7412.6,1596.7,38134.7,9510.0,25325.3,8016.3,12809.3,2.0,62.6,0.7,12.5,59.4
164,531,Real estate,1.0,Rural,2017.0,53,8231.7,63.5,25.9,53.5,6536.6,1695.1,15857.1,2860.8,10647.2,2261.7,5209.9,2.0,43.4,1.6,32.5,59.2
165,531,Real estate,2.0,Urban,2017.0,1510,8933.1,41.2,16.4,63.0,7101.1,1832.0,41918.2,9748.0,28173.9,8498.9,13744.3,2.0,61.8,0.6,13.3,60.1
167,532,Rental and leasing services,2.0,Urban,2017.0,340,9269.7,80.6,36.5,58.0,8764.5,505.2,25149.7,9074.5,15742.1,6587.8,9407.7,1.7,70.0,1.0,5.4,54.7
169,533,Lessors of non-financial intangible assets (except copyrighted works),2.0,Urban,2017.0,60,9450.0,72.3,14.8,65.5,7591.3,1858.7,16496.9,5986.5,7941.4,3963.6,8555.5,0.9,46.3,1.1,21.7,79.5
170,54,"Professional, scientific and technical services",1.0,Rural,2017.0,63,8100.3,85.6,27.1,45.7,5897.5,2202.9,6372.7,4047.3,3398.2,2318.4,2974.5,1.1,77.9,2.7,74.1,68.3
171,54,"Professional, scientific and technical services",2.0,Urban,2017.0,2679,9242.4,93.5,33.8,55.3,8231.4,1011.0,8809.7,4996.3,4565.5,3100.1,4244.2,1.1,73.0,2.2,23.8,63.8
172,541,"Professional, scientific and technical services",1.0,Rural,2017.0,63,8100.3,85.6,27.1,45.7,5897.5,2202.9,6372.7,4047.3,3398.2,2318.4,2974.5,1.1,77.9,2.7,74.1,68.3
173,541,"Professional, scientific and technical services",2.0,Urban,2017.0,2679,9242.4,93.5,33.8,55.3,8231.4,1011.0,8809.7,4996.3,4565.5,3100.1,4244.2,1.1,73.0,2.2,23.8,63.8
174,55,Management of companies and enterprises,1.0,Rural,2017.0,57,9894.8,31.1,9.0,31.4,3999.0,5895.8,71327.2,10037.1,15032.7,5602.7,56294.6,0.3,10.0,0.2,10.5,71.0
175,55,Management of companies and enterprises,2.0,Urban,2017.0,901,9592.3,22.5,23.0,42.4,6273.0,3319.3,148574.2,23843.4,40582.8,12146.9,107991.4,0.4,11.2,0.1,3.1,-2.2
176,551,Management of companies and enterprises,1.0,Rural,2017.0,57,9894.8,31.1,9.0,31.4,3999.0,5895.8,71327.2,10037.1,15032.7,5602.7,56294.6,0.3,10.0,0.2,10.5,71.0
177,551,Management of companies and enterprises,2.0,Urban,2017.0,901,9592.3,22.5,23.0,42.4,6273.0,3319.3,148574.2,23843.4,40582.8,12146.9,107991.4,0.4,11.2,0.1,3.1,-2.2
178,56,"Administrative and support, waste management and remediation services",1.0,Rural,2017.0,111,8520.4,91.1,41.0,50.6,7798.8,721.6,9125.1,3101.6,5511.9,2645.3,3613.2,1.5,73.2,2.4,20.0,55.0
179,56,"Administrative and support, waste management and remediation services",2.0,Urban,2017.0,1848,9343.4,93.1,51.9,39.3,8520.8,822.6,7657.7,4016.1,4344.2,2471.4,3313.5,1.3,74.6,2.8,24.8,44.2
180,561,Administrative and support services,1.0,Rural,2017.0,76,8259.8,90.0,46.8,45.3,7612.1,647.6,7119.4,2910.8,4431.0,2154.3,2688.4,1.6,80.1,3.1,24.1,48.0
181,561,Administrative and support services,2.0,Urban,2017.0,1615,9352.8,92.9,52.3,37.9,8434.1,918.7,7186.3,3874.7,3923.5,2376.7,3262.9,1.2,72.8,2.9,28.2,43.7
182,562,Waste management and remediation services,1.0,Rural,2017.0,35,9086.2,93.4,29.4,60.9,8204.0,882.2,13480.4,3515.9,7859.0,3711.6,5621.4,1.4,66.0,1.6,15.7,68.5
183,562,Waste management and remediation services,2.0,Urban,2017.0,233,9277.8,94.4,49.2,49.1,9121.8,156.0,10924.7,4996.2,7260.5,3127.7,3664.2,2.0,85.4,2.5,4.3,47.9
184,61,Educational services,1.0,Rural,2017.0,10,7946.7,31.1,2.1,91.7,7450.5,496.3,7496.2,3600.0,5248.2,2530.7,2248.0,2.3,112.6,3.5,22.1,93.3
185,61,Educational services,2.0,Urban,2017.0,205,8652.1,79.7,15.8,72.6,7649.0,1003.1,7418.7,3709.4,4782.0,3398.1,2636.7,1.8,128.9,3.3,38.0,80.2
186,611,Educational services,1.0,Rural,2017.0,10,7946.7,31.1,2.1,91.7,7450.5,496.3,7496.2,3600.0,5248.2,2530.7,2248.0,2.3,112.6,3.5,22.1,93.3
187,611,Educational services,2.0,Urban,2017.0,205,8652.1,79.7,15.8,72.6,7649.0,1003.1,7418.7,3709.4,4782.0,3398.1,2636.7,1.8,128.9,3.3,38.0,80.2
188,62,Health care and social assistance,1.0,Rural,2017.0,80,7964.9,61.7,14.6,79.0,7452.2,512.6,5992.7,1921.2,4591.9,2041.3,1400.8,3.3,145.7,5.7,36.6,76.4
189,62,Health care and social assistance,2.0,Urban,2017.0,828,8729.5,82.0,17.7,69.3,7592.8,1136.7,8615.1,2802.6,6325.7,2332.4,2289.4,2.8,101.9,3.8,49.7,78.4
190,621,Ambulatory health care services,1.0,Rural,2017.0,29,8204.9,69.0,25.9,62.3,7236.5,968.3,5396.0,2423.3,3136.5,2424.1,2259.4,1.4,107.3,3.6,42.9,62.5
191,621,Ambulatory health care services,2.0,Urban,2017.0,433,8515.5,90.5,22.3,61.2,7108.0,1407.5,5936.8,2591.7,3299.3,1930.7,2637.5,1.3,73.2,3.2,53.4,75.4
193,622,Hospitals,2.0,Urban,2017.0,10,11552.3,96.7,6.3,89.6,11081.2,471.1,12640.5,2533.0,9502.7,3106.8,3137.9,3.0,99.0,3.7,15.0,93.5
194,623,Nursing and residential care facilities,1.0,Rural,2017.0,23,8356.8,76.5,2.4,95.4,8168.6,188.3,8125.1,1095.5,7985.7,2424.1,139.4,57.3,1739.0,60.0,135.1,96.9
195,623,Nursing and residential care facilities,2.0,Urban,2017.0,233,9146.6,83.7,15.9,76.0,8403.5,743.1,15083.7,3340.4,13302.4,3251.8,1781.3,7.5,182.6,5.1,41.7,81.0
197,624,Social assistance,2.0,Urban,2017.0,152,8514.2,53.6,8.4,79.7,7501.5,1012.7,6064.2,2596.8,4043.2,2016.4,2021.0,2.0,99.8,4.2,50.1,84.3
198,71,"Arts, entertainment and recreation",1.0,Rural,2017.0,31,9247.9,76.7,31.9,61.2,8605.4,642.5,12928.6,5930.9,5266.6,3450.0,7662.0,0.7,45.0,1.2,8.4,58.5
199,71,"Arts, entertainment and recreation",2.0,Urban,2017.0,258,8555.5,68.7,25.9,66.3,7894.6,660.9,14020.0,4453.4,7763.4,4203.2,6256.6,1.2,67.2,1.4,10.6,62.2
201,711,"Performing arts, spectator sports and related industries",2.0,Urban,2017.0,89,9130.4,71.6,34.0,56.3,8242.0,888.4,10074.8,5827.9,7190.7,5042.0,2884.1,2.5,174.8,3.2,30.8,52.5
203,712,Heritage institutions,2.0,Urban,2017.0,5,11098.4,74.7,16.1,79.3,10583.8,514.6,50578.0,6470.0,32060.2,3296.0,18517.7,1.7,17.8,0.6,2.8,78.5
204,713,"Amusement, gambling and recreation industries",1.0,Rural,2017.0,26,9487.0,74.7,30.8,61.8,8783.3,703.8,14240.3,6808.7,5742.2,3846.3,8498.1,0.7,45.3,1.1,8.3,58.8
205,713,"Amusement, gambling and recreation industries",2.0,Urban,2017.0,164,8165.9,66.7,21.5,71.9,7624.0,541.9,15046.4,3646.0,7333.4,3775.6,7712.9,1.0,49.0,1.1,7.0,67.8
206,72,Accommodation and food services,1.0,Rural,2017.0,181,8405.8,97.3,41.5,52.2,7875.1,530.8,8368.3,2514.4,5277.3,2557.8,3091.0,1.7,82.7,2.7,17.2,57.3
207,72,Accommodation and food services,2.0,Urban,2017.0,1624,8588.5,97.6,42.6,51.8,8106.6,481.9,6604.9,1674.5,4626.2,2215.6,1978.7,2.3,112.0,4.3,24.4,56.3
209,721,Accommodation services,2.0,Urban,2017.0,349,9039.4,94.6,32.4,59.7,8324.5,714.9,18568.6,3545.2,13724.6,5787.1,4844.0,2.8,119.5,1.9,14.8,65.8
211,722,Food services and drinking places,2.0,Urban,2017.0,1275,8465.1,98.5,45.6,49.4,8047.0,418.1,3330.2,1162.4,2135.8,1238.0,1194.4,1.8,103.6,7.1,35.0,53.7
212,81,Other services (except public administration),1.0,Rural,2017.0,120,8966.3,81.6,49.4,39.1,7940.2,1026.1,7411.4,3468.0,2945.9,1726.2,4465.6,0.7,38.7,2.0,23.0,39.5
213,81,Other services (except public administration),2.0,Urban,2017.0,1119,8779.1,68.0,36.3,57.0,8193.8,585.2,8657.9,4277.7,4432.5,2865.2,4225.4,1.0,67.8,2.1,13.9,46.6
214,811,Repair and maintenance,1.0,Rural,2017.0,85,8508.5,99.0,61.5,27.7,7593.3,915.2,4761.0,3194.0,2808.1,1677.3,1952.9,1.4,85.9,4.4,46.9,37.9
215,811,Repair and maintenance,2.0,Urban,2017.0,508,8659.7,98.5,63.4,29.9,8081.5,578.2,5082.2,3046.1,3030.3,2026.4,2051.9,1.5,98.8,4.2,28.2,35.6
218,813,"Religious, grant-making, civic, and professional and similar organizations",1.0,Rural,2017.0,29,10220.8,38.9,25.2,62.8,8995.5,1225.3,15704.2,4551.2,3435.7,1783.8,12268.5,0.3,14.5,0.8,10.0,35.2
219,813,"Religious, grant-making, civic, and professional and similar organizations",2.0,Urban,2017.0,479,9033.5,30.6,9.5,84.2,8460.4,573.1,12181.1,5942.2,5347.9,3944.3,6833.2,0.8,57.7,1.3,8.4,69.1
222,0,All industries,1.0,Rural,2018.0,7434,9255.7,95.7,58.5,37.8,8907.5,348.2,7093.0,3126.9,4031.8,2278.4,3061.2,1.3,74.4,3.0,11.4,38.9
223,0,All industries,2.0,Urban,2018.0,42801,9519.9,92.1,58.6,34.3,8844.4,675.5,11749.6,4770.9,6511.9,3255.2,5237.7,1.2,62.1,1.8,12.9,36.4
224,11,"Agriculture, forestry, fishing and hunting",1.0,Rural,2018.0,1219,8438.7,93.0,18.0,95.1,9545.1,-1106.4,11101.2,3710.7,6583.2,3268.6,4517.9,1.5,72.3,1.9,-24.5,80.6
225,11,"Agriculture, forestry, fishing and hunting",2.0,Urban,2018.0,914,8913.2,94.3,22.8,91.6,10194.1,-1280.9,12628.4,4092.5,8399.3,3509.2,4229.1,2.0,83.0,2.1,-30.3,75.9
226,111,Crop production,1.0,Rural,2018.0,470,7968.0,91.7,7.6,107.1,9134.8,-1166.8,12313.6,4108.4,6895.0,3198.3,5418.6,1.3,59.0,1.5,-21.5,91.8
227,111,Crop production,2.0,Urban,2018.0,402,8615.3,94.1,11.7,102.1,9805.0,-1189.7,11843.4,3746.4,7341.3,3285.6,4502.1,1.6,73.0,1.9,-26.4,87.6
228,112,Animal production and aquaculture,1.0,Rural,2018.0,418,8489.7,91.3,7.3,127.4,11434.6,-2945.0,13945.1,4635.9,9080.2,4669.9,4864.9,1.9,96.0,1.7,-60.5,92.0
229,112,Animal production and aquaculture,2.0,Urban,2018.0,259,8723.6,93.7,6.9,130.6,11998.4,-3274.8,16099.1,5393.9,10966.3,4701.1,5132.8,2.1,91.6,1.7,-63.8,92.6
231,113,Forestry and logging,2.0,Urban,2018.0,132,9561.0,99.1,57.8,34.7,8845.4,715.7,5717.5,1906.1,3575.6,1913.3,2141.9,1.7,89.3,4.5,33.4,41.7
233,114,"Fishing, hunting and trapping",2.0,Urban,2018.0,13,9668.8,94.9,32.7,64.9,9435.9,233.0,13560.8,2703.7,9958.1,3784.4,3602.7,2.8,105.0,2.7,6.5,65.5
234,115,Support activities for agriculture and forestry,1.0,Rural,2018.0,91,8889.7,92.5,53.6,38.3,8162.7,726.9,5678.0,3021.2,2953.5,1782.4,2724.5,1.1,65.4,3.3,26.7,42.1
235,115,Support activities for agriculture and forestry,2.0,Urban,2018.0,108,9594.1,90.4,50.5,43.9,9055.3,538.9,15561.3,5099.1,11889.6,3399.9,3671.7,3.2,92.6,2.6,14.7,44.2
236,21,"Mining, quarrying, and oil and gas extraction",1.0,Rural,2018.0,168,9607.2,98.0,44.7,46.9,8798.1,809.0,8544.0,3189.5,4887.9,2571.1,3656.1,1.3,70.3,2.6,22.1,54.4
237,21,"Mining, quarrying, and oil and gas extraction",2.0,Urban,2018.0,400,10336.9,92.2,48.0,74.0,12615.0,-2278.0,39371.0,6562.3,18507.8,7325.9,20863.1,0.9,35.1,0.5,-10.9,47.9
238,211,Oil and gas extraction,1.0,Rural,2018.0,6,8931.5,94.8,29.6,60.2,8023.9,907.6,19094.9,1691.2,9749.2,2844.6,9345.7,1.0,30.4,1.0,9.7,68.8
239,211,Oil and gas extraction,2.0,Urban,2018.0,83,10728.7,90.6,43.4,166.0,22471.4,-11743.0,85584.0,9678.9,38203.5,12576.8,47380.5,0.8,26.5,0.2,-24.8,52.0
240,212,Mining and quarrying (except oil and gas),1.0,Rural,2018.0,44,10817.6,98.3,59.1,36.5,10340.7,476.9,13306.0,4582.7,6734.9,2697.0,6571.0,1.0,41.0,1.6,7.3,39.9
241,212,Mining and quarrying (except oil and gas),2.0,Urban,2018.0,69,10378.8,97.0,67.3,42.6,11406.0,-1027.3,21030.1,5724.7,10671.7,3855.2,10358.3,1.0,37.2,1.0,-9.9,30.6
242,213,"Support activities for mining, and oil and gas extraction",1.0,Rural,2018.0,118,9190.2,98.0,39.2,50.8,8262.3,927.9,6231.9,2746.1,3952.0,2510.2,2279.9,1.7,110.1,4.0,40.7,60.1
243,213,"Support activities for mining, and oil and gas extraction",2.0,Urban,2018.0,248,10194.2,91.4,44.2,50.5,9652.6,541.6,29007.4,5752.3,14096.3,6534.2,14911.1,0.9,43.8,0.7,3.6,51.6
244,22,Utilities,1.0,Rural,2018.0,35,9167.5,90.4,46.9,51.8,9046.3,121.2,33895.8,4838.7,18574.9,5029.6,15320.9,1.2,32.8,0.6,0.8,48.1
245,22,Utilities,2.0,Urban,2018.0,61,10197.0,87.9,43.8,51.9,9763.4,433.6,49465.9,8447.5,23512.0,8261.8,25953.8,0.9,31.8,0.4,1.7,50.2
246,221,Utilities,1.0,Rural,2018.0,35,9167.5,90.4,46.9,51.8,9046.3,121.2,33895.8,4838.7,18574.9,5029.6,15320.9,1.2,32.8,0.6,0.8,48.1
247,221,Utilities,2.0,Urban,2018.0,61,10197.0,87.9,43.8,51.9,9763.4,433.6,49465.9,8447.5,23512.0,8261.8,25953.8,0.9,31.8,0.4,1.7,50.2
248,23,Construction,1.0,Rural,2018.0,961,8837.8,98.6,64.5,25.7,7977.2,860.6,5462.0,3128.5,3424.7,2128.4,2037.3,1.7,104.5,4.3,42.2,34.6
249,23,Construction,2.0,Urban,2018.0,7476,9296.2,97.4,74.6,18.7,8676.0,620.2,7636.4,4773.1,5369.9,3386.9,2266.5,2.4,149.4,4.1,27.4,23.4
250,236,Construction of buildings,1.0,Rural,2018.0,322,8741.2,97.8,79.3,13.1,8078.7,662.4,4900.4,3434.5,3278.7,2221.7,1621.7,2.0,137.0,5.4,40.8,18.8
251,236,Construction of buildings,2.0,Urban,2018.0,2718,9435.5,97.5,80.3,14.2,8917.4,518.2,8035.5,5737.9,6112.2,4136.6,1923.3,3.2,215.1,4.9,26.9,17.6
252,237,Heavy and civil engineering construction,1.0,Rural,2018.0,243,9594.3,98.7,51.3,36.2,8394.7,1199.6,6879.5,3446.8,4198.2,2493.4,2681.3,1.6,93.0,3.6,44.7,48.0
253,237,Heavy and civil engineering construction,2.0,Urban,2018.0,1086,9574.1,91.6,65.2,25.4,8672.6,901.6,16053.1,7077.9,11253.1,5480.9,4800.0,2.3,114.2,2.0,18.8,28.8
254,238,Specialty trade contractors,1.0,Rural,2018.0,396,8452.3,99.2,61.3,29.1,7638.5,813.8,5048.8,2684.3,3068.7,1828.5,1980.1,1.5,92.3,4.3,41.1,38.2
255,238,Specialty trade contractors,2.0,Urban,2018.0,3672,9110.8,99.2,73.2,20.1,8498.3,612.5,4851.7,3377.4,3080.5,2212.6,1771.2,1.7,124.9,5.1,34.6,26.2
256,31-33,Manufacturing,1.0,Rural,2018.0,842,9782.4,98.5,72.3,21.6,9188.5,593.9,6995.1,3900.0,3984.9,2264.2,3010.2,1.3,75.2,3.2,19.7,26.6
257,31-33,Manufacturing,2.0,Urban,2018.0,4883,9872.7,98.6,68.7,25.7,9325.5,547.2,7409.2,4574.4,4484.6,2650.3,2924.6,1.5,90.6,3.4,18.7,30.3
258,311,Food manufacturing,1.0,Rural,2018.0,148,10430.6,98.8,74.2,23.1,10153.9,276.7,6942.3,2938.7,3895.3,1914.1,3047.0,1.3,62.8,3.4,9.1,24.9
259,311,Food manufacturing,2.0,Urban,2018.0,399,9893.5,98.4,74.7,24.4,9797.7,95.9,6837.4,3163.6,4703.4,2307.0,2134.0,2.2,108.1,4.6,4.5,24.2
260,312,Beverage and tobacco product manufacturing,1.0,Rural,2018.0,10,8582.7,86.8,36.8,52.4,7655.4,927.3,7198.5,2866.9,5799.1,3625.0,1399.4,4.1,259.0,6.1,66.3,57.6
261,312,Beverage and tobacco product manufacturing,2.0,Urban,2018.0,60,9368.8,97.2,54.4,46.9,9494.5,-125.7,10028.4,4740.9,7301.3,3527.2,2727.1,2.7,129.3,3.4,-4.6,44.0
262,313,Textile mills,1.0,Rural,2018.0,7,9981.9,99.3,72.1,21.7,9353.7,628.2,7220.4,4360.2,3444.4,2207.7,3776.0,0.9,58.5,2.6,16.6,27.4
263,313,Textile mills,2.0,Urban,2018.0,22,10195.2,94.5,69.5,17.6,8877.2,1318.1,7490.2,5204.9,3668.2,2245.5,3822.0,1.0,58.8,2.7,34.5,26.5
264,314,Textile product mills,1.0,Rural,2018.0,5,8491.0,99.6,66.5,19.3,7288.7,1202.3,6025.2,4576.9,2584.3,970.3,3440.9,0.8,28.2,2.5,34.9,33.2
265,314,Textile product mills,2.0,Urban,2018.0,45,9915.6,98.3,70.5,22.5,9215.5,700.1,7080.8,5160.3,3978.1,2295.4,3102.7,1.3,74.0,3.2,22.6,28.3
266,315,Clothing manufacturing,1.0,Rural,2018.0,9,8402.9,90.5,63.3,19.6,6973.7,1429.1,9430.5,4584.3,3805.3,2023.6,5625.2,0.7,36.0,1.5,25.4,30.0
267,315,Clothing manufacturing,2.0,Urban,2018.0,65,9699.4,98.4,65.8,27.1,9011.1,688.3,5794.0,4366.1,3151.7,1964.0,2642.3,1.2,74.3,3.7,26.0,33.1
269,316,Leather and allied product manufacturing,2.0,Urban,2018.0,10,8865.0,99.8,77.3,15.2,8202.3,662.7,5518.9,4463.7,3117.2,2146.1,2401.6,1.3,89.4,3.7,27.6,22.5
270,321,Wood product manufacturing,1.0,Rural,2018.0,135,9970.8,98.5,72.5,21.9,9415.2,555.6,7431.6,3553.0,4352.1,2021.6,3079.5,1.4,65.6,3.2,18.0,26.4
271,321,Wood product manufacturing,2.0,Urban,2018.0,274,9779.0,99.5,75.5,18.5,9192.2,586.8,5439.1,3416.3,3124.3,1804.2,2314.8,1.3,77.9,4.2,25.3,24.1
272,322,Paper manufacturing,1.0,Rural,2018.0,8,10675.0,99.5,72.2,22.3,10082.1,592.8,7817.1,3930.5,5590.6,4699.1,2226.5,2.5,211.1,4.8,26.6,27.4
273,322,Paper manufacturing,2.0,Urban,2018.0,68,9757.3,99.4,72.6,22.1,9239.5,517.8,6060.8,3369.0,3399.7,1949.0,2661.1,1.3,73.2,3.7,19.5,27.0
274,323,Printing and related support activities,1.0,Rural,2018.0,5,8816.4,98.9,75.7,17.1,8183.0,633.4,4235.0,3081.6,2996.5,1549.6,1238.5,2.4,125.1,7.1,51.1,23.5
275,323,Printing and related support activities,2.0,Urban,2018.0,180,9693.5,99.0,66.0,30.3,9334.1,359.5,6675.9,3642.8,4105.8,2577.8,2570.2,1.6,100.3,3.8,14.0,33.3
276,324,Petroleum and coal product manufacturing,1.0,Rural,2018.0,5,8847.5,99.5,75.5,15.2,8019.4,828.1,8374.2,4559.9,3733.0,2650.8,4641.1,0.8,57.1,1.9,17.8,24.2
277,324,Petroleum and coal product manufacturing,2.0,Urban,2018.0,31,10508.8,99.8,78.1,16.0,9889.2,619.7,7845.3,4547.4,5246.9,2646.5,2598.4,2.0,101.9,4.0,23.8,21.7
278,325,Chemical manufacturing,1.0,Rural,2018.0,16,9162.8,99.1,75.2,21.7,8874.7,288.1,7590.7,4082.6,4901.5,2683.4,2689.2,1.8,99.8,3.4,10.7,24.1
279,325,Chemical manufacturing,2.0,Urban,2018.0,234,10973.5,97.7,62.5,32.3,10405.3,568.3,9943.5,5225.5,5804.6,3173.2,4138.9,1.4,76.7,2.7,13.7,36.0
280,326,Plastics and rubber products manufacturing,1.0,Rural,2018.0,45,9489.1,99.4,69.3,23.4,8795.8,693.3,6392.6,3867.0,3779.8,1913.6,2612.8,1.4,73.2,3.6,26.5,30.3
281,326,Plastics and rubber products manufacturing,2.0,Urban,2018.0,389,10259.5,98.9,71.1,22.5,9594.3,665.2,7046.0,4245.9,4114.9,2441.2,2931.2,1.4,83.3,3.5,22.7,28.2
282,327,Non-metallic mineral product manufacturing,1.0,Rural,2018.0,51,9503.0,97.6,67.7,25.8,8891.0,611.9,7483.3,3867.2,3721.0,2066.3,3762.2,1.0,54.9,2.5,16.3,30.6
283,327,Non-metallic mineral product manufacturing,2.0,Urban,2018.0,216,9654.6,97.6,68.3,24.8,8990.4,664.2,8932.6,4342.0,4309.2,2215.3,4623.4,0.9,47.9,2.1,14.4,30.0
284,331,Primary metal manufacturing,1.0,Rural,2018.0,13,10286.9,98.4,78.0,19.7,10054.4,232.5,8375.5,4515.0,6131.5,3314.8,2244.0,2.7,147.7,4.6,10.4,20.7
285,331,Primary metal manufacturing,2.0,Urban,2018.0,65,9973.2,98.6,75.5,19.6,9488.7,484.4,8116.9,5176.9,4931.4,2193.1,3185.5,1.5,68.8,3.1,15.2,23.4
286,332,Fabricated metal product manufacturing,1.0,Rural,2018.0,121,9920.4,98.8,73.9,19.2,9242.6,677.8,6881.8,4251.0,4181.4,2743.3,2700.4,1.5,101.6,3.7,25.1,25.2
287,332,Fabricated metal product manufacturing,2.0,Urban,2018.0,944,9669.9,99.2,70.9,22.4,9020.6,649.3,6967.2,4556.4,4212.9,2662.5,2754.3,1.5,96.7,3.5,23.6,28.5
288,333,Machinery manufacturing,1.0,Rural,2018.0,116,10000.8,97.9,70.3,20.3,9058.4,942.4,7980.3,5460.7,3764.7,2385.3,4215.6,0.9,56.6,2.4,22.4,28.2
289,333,Machinery manufacturing,2.0,Urban,2018.0,668,9954.2,98.7,67.6,26.6,9367.9,586.3,8405.6,5640.3,5251.6,3331.6,3153.9,1.7,105.6,3.2,18.6,31.5
291,334,Computer and electronic product manufacturing,2.0,Urban,2018.0,252,9857.1,97.3,56.5,38.8,9397.3,459.8,9292.0,6187.3,5072.0,2985.2,4219.9,1.2,70.7,2.3,10.9,41.9
292,335,"Electrical equipment, appliance and component manufacturing",1.0,Rural,2018.0,10,9837.1,99.9,72.3,19.1,8993.4,843.7,7339.9,4909.8,4756.8,3656.4,2583.1,1.8,141.5,3.8,32.7,27.6
293,335,"Electrical equipment, appliance and component manufacturing",2.0,Urban,2018.0,162,10018.3,98.7,64.8,30.3,9528.1,490.2,8294.6,5229.3,4831.8,2899.9,3462.8,1.4,83.7,2.9,14.2,34.4
294,336,Transportation equipment manufacturing,1.0,Rural,2018.0,51,9938.8,98.9,76.5,16.9,9280.3,658.4,5681.4,3647.6,3601.2,2192.2,2080.2,1.7,105.4,4.8,31.7,22.7
295,336,Transportation equipment manufacturing,2.0,Urban,2018.0,216,10365.2,98.3,71.8,22.0,9722.7,642.5,7623.1,5309.5,4750.0,2961.7,2873.1,1.7,103.1,3.6,22.4,27.0
296,337,Furniture and related product manufacturing,1.0,Rural,2018.0,47,8664.7,99.6,75.6,21.6,8428.8,235.9,5066.5,3084.4,3284.3,2013.8,1782.2,1.8,113.0,4.9,13.2,24.1
297,337,Furniture and related product manufacturing,2.0,Urban,2018.0,270,9531.4,99.6,70.0,23.9,8944.5,586.9,5268.7,3697.4,3623.1,2241.8,1645.6,2.2,136.2,5.8,35.7,29.7
298,339,Miscellaneous manufacturing,1.0,Rural,2018.0,34,8161.9,99.3,71.5,21.5,7591.7,570.2,5574.1,3278.1,3237.8,2128.0,2336.3,1.4,91.1,3.5,24.4,28.0
299,339,Miscellaneous manufacturing,2.0,Urban,2018.0,313,9283.8,98.4,63.2,30.4,8690.6,593.2,6758.3,4421.5,4275.2,2605.4,2483.1,1.7,104.9,3.7,23.9,35.7
300,41,Wholesale trade,1.0,Rural,2018.0,797,9821.5,99.1,79.3,17.4,9491.6,329.9,5106.1,3396.8,2882.9,2052.7,2223.2,1.3,92.3,4.4,14.8,20.0
301,41,Wholesale trade,2.0,Urban,2018.0,6587,9913.2,98.6,73.0,22.6,9471.2,442.0,5595.8,4179.6,3297.8,2323.8,2298.0,1.4,101.1,4.3,19.2,25.9
302,411,Farm product merchant wholesalers,1.0,Rural,2018.0,53,10354.0,98.9,75.0,33.0,11184.8,-830.8,4889.5,2733.7,3217.5,2080.7,1672.0,1.9,124.4,6.2,-49.7,24.1
303,411,Farm product merchant wholesalers,2.0,Urban,2018.0,94,9877.4,97.3,69.0,35.3,10297.0,-419.5,5039.9,3201.1,2795.5,1807.5,2244.4,1.2,80.5,4.4,-18.7,29.1
304,412,Petroleum and petroleum products merchant wholesalers,1.0,Rural,2018.0,35,10492.8,99.8,87.6,10.8,10317.2,175.6,2883.0,1763.7,1795.8,1227.8,1087.2,1.7,112.9,9.7,16.2,12.3
305,412,Petroleum and petroleum products merchant wholesalers,2.0,Urban,2018.0,59,11527.4,96.1,80.9,17.0,11285.4,242.1,8111.8,3812.7,5672.9,2268.2,2438.9,2.3,93.0,4.7,9.9,15.8
306,413,"Food, beverage and tobacco merchant wholesalers",1.0,Rural,2018.0,151,9888.6,99.1,84.7,12.9,9650.2,238.4,4564.2,2052.0,1911.4,1232.0,2652.8,0.7,46.4,3.7,9.0,14.6
307,413,"Food, beverage and tobacco merchant wholesalers",2.0,Urban,2018.0,932,10161.1,99.4,80.8,16.7,9907.8,253.3,4026.4,2908.0,2598.8,1863.1,1427.6,1.8,130.5,7.1,17.7,18.7
308,414,Personal and household goods merchant wholesalers,1.0,Rural,2018.0,12,8038.1,99.9,70.0,23.5,7517.0,521.1,5040.8,3677.5,2865.8,2159.3,2175.0,1.3,99.3,3.7,24.0,29.9
309,414,Personal and household goods merchant wholesalers,2.0,Urban,2018.0,854,9810.8,98.8,67.5,29.1,9473.5,337.3,6969.1,5653.6,4085.2,2839.1,2883.9,1.4,98.4,3.4,11.7,31.7
310,415,Motor vehicle and motor vehicle parts and accessories merchant wholesalers,1.0,Rural,2018.0,55,10359.2,99.0,78.7,16.3,9834.0,525.2,4740.4,3435.6,2539.4,2028.7,2201.0,1.2,92.2,4.7,23.9,20.5
311,415,Motor vehicle and motor vehicle parts and accessories merchant wholesalers,2.0,Urban,2018.0,465,10117.9,99.2,79.0,17.2,9734.8,383.1,4771.5,3522.5,2595.1,1796.2,2176.4,1.2,82.5,4.6,17.6,20.3
312,416,Building material and supplies merchant wholesalers,1.0,Rural,2018.0,66,9792.0,98.2,75.0,19.2,9224.1,567.9,6943.3,3751.0,3523.7,1877.3,3419.7,1.0,54.9,2.9,16.6,23.6
313,416,Building material and supplies merchant wholesalers,2.0,Urban,2018.0,1058,9917.2,98.9,72.8,21.8,9384.4,532.8,5543.5,4411.4,3247.3,2331.8,2296.1,1.4,101.6,4.3,23.2,26.4
314,417,"Machinery, equipment and supplies merchant wholesalers",1.0,Rural,2018.0,251,9507.7,99.5,78.4,16.4,9010.2,497.5,5691.6,4698.4,3606.1,2819.6,2085.6,1.7,135.2,4.6,23.9,21.2
315,417,"Machinery, equipment and supplies merchant wholesalers",2.0,Urban,2018.0,1843,9829.2,98.4,69.7,24.9,9298.7,530.5,6113.4,4435.4,3582.4,2549.3,2531.1,1.4,100.7,3.9,21.0,29.2
316,418,Miscellaneous merchant wholesalers,1.0,Rural,2018.0,142,9954.2,99.0,77.3,18.2,9508.7,445.5,4840.7,3163.6,2721.8,1818.5,2118.9,1.3,85.8,4.7,21.0,21.9
317,418,Miscellaneous merchant wholesalers,2.0,Urban,2018.0,918,9841.1,98.7,73.6,21.1,9319.4,521.6,5251.0,3751.8,3002.0,2040.9,2248.7,1.3,90.8,4.4,23.2,25.4
318,419,"Business-to-business electronic markets, and agents and brokers",1.0,Rural,2018.0,32,9566.4,97.6,79.5,19.2,9438.8,127.6,3901.7,2551.1,2420.5,2167.2,1481.1,1.6,146.3,6.5,8.6,18.5
319,419,"Business-to-business electronic markets, and agents and brokers",2.0,Urban,2018.0,364,9600.1,95.0,72.2,21.7,9011.7,588.5,5581.9,4238.5,3333.7,2659.7,2248.2,1.5,118.3,4.3,26.2,24.0
320,44-45,Retail trade,1.0,Rural,2018.0,2065,9741.4,98.3,78.4,19.0,9488.9,252.5,3948.0,2582.1,2428.6,1774.4,1519.5,1.6,116.8,6.4,16.6,20.2
321,44-45,Retail trade,2.0,Urban,2018.0,6924,10006.4,98.4,74.8,22.9,9777.4,229.0,3688.4,2594.4,2534.6,1675.8,1153.8,2.2,145.2,8.7,19.8,24.0
322,441,Motor vehicle and parts dealers,1.0,Rural,2018.0,550,11190.6,98.5,85.3,13.3,11039.2,151.3,5348.5,4327.2,3811.9,3228.3,1536.6,2.5,210.1,7.3,9.8,13.4
323,441,Motor vehicle and parts dealers,2.0,Urban,2018.0,1585,10950.5,98.8,83.9,14.8,10803.3,147.2,4530.0,3669.0,3327.4,2637.1,1202.6,2.8,219.3,9.1,12.2,15.1
325,442,Furniture and home furnishings stores,2.0,Urban,2018.0,311,8649.9,99.3,63.3,32.1,8247.0,402.9,4117.9,3106.1,2334.5,1747.1,1783.4,1.3,98.0,4.9,22.6,36.3
326,443,Electronics and appliance stores,1.0,Rural,2018.0,6,7410.4,99.9,74.0,21.3,7063.1,347.3,3203.1,2279.4,1122.4,927.9,2080.8,0.5,44.6,3.6,16.7,25.9
327,443,Electronics and appliance stores,2.0,Urban,2018.0,133,8490.4,97.6,70.5,26.1,8202.1,288.3,4321.6,3317.6,1922.6,1552.7,2399.0,0.8,64.7,3.5,12.0,27.8
328,444,Building material and garden equipment and supplies dealers,1.0,Rural,2018.0,272,9288.1,98.6,72.0,23.6,8876.3,411.8,5561.6,3631.3,2944.7,2165.6,2617.0,1.1,82.8,3.5,15.7,27.0
329,444,Building material and garden equipment and supplies dealers,2.0,Urban,2018.0,530,9282.4,99.3,71.9,24.7,8970.2,312.1,5068.9,3621.1,2926.8,2119.5,2142.2,1.4,98.9,4.3,14.6,27.6
330,445,Food and beverage stores,1.0,Rural,2018.0,470,10366.0,98.0,75.8,22.4,10184.5,181.5,2213.6,1075.2,1264.0,700.4,949.7,1.3,73.7,10.9,19.1,22.6
331,445,Food and beverage stores,2.0,Urban,2018.0,1131,10908.2,97.9,75.8,22.5,10718.0,190.2,2187.5,1212.5,1569.8,838.2,617.8,2.5,135.7,17.7,30.8,22.6
332,446,Health and personal care stores,1.0,Rural,2018.0,169,7911.6,97.7,65.7,29.6,7541.1,370.5,3556.3,1710.6,2280.4,1228.9,1275.9,1.8,96.3,6.2,29.0,32.7
333,446,Health and personal care stores,2.0,Urban,2018.0,1222,10236.4,97.4,69.0,28.7,9999.3,237.0,3303.5,2167.6,2482.5,1234.9,820.9,3.0,150.4,12.5,28.9,29.1
334,447,Gasoline stations,1.0,Rural,2018.0,316,7668.0,98.6,85.6,12.5,7523.9,144.1,2024.3,766.8,1128.5,422.2,895.8,1.3,47.1,8.6,16.1,13.2
335,447,Gasoline stations,2.0,Urban,2018.0,770,8180.8,98.4,85.2,13.3,8058.2,122.6,1888.8,684.4,1291.9,428.1,596.9,2.2,71.7,13.7,20.5,13.4
337,448,Clothing and clothing accessories stores,2.0,Urban,2018.0,259,9308.6,98.4,55.8,41.3,9039.1,269.4,5515.0,3817.4,3709.5,2261.4,1805.5,2.1,125.2,5.2,14.9,43.3
338,451,"Sporting goods, hobby, book and music stores",1.0,Rural,2018.0,7,9094.8,99.1,69.5,23.3,8446.8,648.0,5036.9,4297.0,1665.5,1321.4,3371.4,0.5,39.2,2.7,19.2,29.8
339,451,"Sporting goods, hobby, book and music stores",2.0,Urban,2018.0,168,8683.7,99.0,62.3,33.5,8313.1,370.6,4546.3,3469.3,2602.7,2056.9,1943.6,1.3,105.8,4.5,19.1,37.1
340,452,General merchandise stores,1.0,Rural,2018.0,185,10189.1,98.2,74.4,21.6,9780.0,409.1,5006.0,3422.5,2911.2,2510.9,2094.8,1.4,119.9,4.9,19.5,24.3
341,452,General merchandise stores,2.0,Urban,2018.0,366,11117.6,99.4,73.3,23.5,10761.8,355.7,4227.9,3411.5,3060.1,2801.8,1167.8,2.6,239.9,9.5,30.5,26.3
342,453,Miscellaneous store retailers,1.0,Rural,2018.0,26,8088.2,96.3,66.0,24.5,7320.7,767.5,6354.7,3125.1,3415.4,1873.4,2939.3,1.2,63.7,2.8,26.1,31.4
343,453,Miscellaneous store retailers,2.0,Urban,2018.0,235,8625.5,97.8,63.6,33.0,8332.6,292.9,5066.6,3495.5,3248.6,1538.4,1818.0,1.8,84.6,4.7,16.1,35.0
344,454,Non-store retailers,1.0,Rural,2018.0,32,10613.5,98.7,84.2,13.5,10373.4,240.1,3188.9,2018.5,1351.4,866.0,1837.4,0.7,47.1,5.8,13.1,14.6
345,454,Non-store retailers,2.0,Urban,2018.0,214,9708.0,99.4,65.3,30.2,9273.9,434.1,4304.2,2958.5,3073.3,2081.7,1230.8,2.5,169.1,7.9,35.3,34.3
346,48-49,Transportation and warehousing,1.0,Rural,2018.0,485,9148.5,98.0,35.1,53.0,8062.4,1086.1,6132.0,2227.1,3985.3,1927.7,2146.7,1.9,89.8,4.3,50.6,64.2
347,48-49,Transportation and warehousing,2.0,Urban,2018.0,2458,9524.9,97.5,50.2,39.3,8521.6,1003.3,6287.1,2841.0,4175.2,2158.8,2111.9,2.0,102.2,4.5,47.5,48.5
349,481,Air transportation,2.0,Urban,2018.0,91,9674.3,88.9,44.6,47.3,8888.2,786.2,18828.5,9659.3,13821.8,9034.5,5006.7,2.8,180.4,1.9,15.7,49.8
350,482,Rail transportation,1.0,Rural,2018.0,5,7226.4,89.5,2.4,117.6,8668.8,-1442.4,16231.3,6065.2,10385.9,5817.9,5845.4,1.8,99.5,1.2,-24.7,97.3
351,482,Rail transportation,2.0,Urban,2018.0,12,9604.5,91.6,19.3,73.6,8918.6,685.9,25834.6,5192.0,11689.4,2647.0,14145.2,0.8,18.7,0.7,4.8,78.9
352,483,Water transportation,1.0,Rural,2018.0,8,9197.2,99.9,39.2,58.8,9012.2,185.0,6446.1,2600.5,4336.9,2575.4,2109.2,2.1,122.1,4.4,8.8,60.8
354,484,Truck transportation,1.0,Rural,2018.0,370,9165.8,98.4,32.4,54.2,7939.4,1226.3,5113.0,1979.7,3387.5,1636.1,1725.5,2.0,94.8,5.3,71.1,67.1
355,484,Truck transportation,2.0,Urban,2018.0,1324,9460.7,98.9,48.8,38.6,8265.2,1195.5,4415.3,2020.5,2999.1,1549.2,1416.2,2.1,109.4,6.7,84.4,50.7
356,485,Transit and ground passenger transportation,1.0,Rural,2018.0,13,8206.6,99.8,15.6,76.6,7571.0,635.6,10077.5,2065.2,7212.0,3960.0,2865.5,2.5,138.2,2.9,22.2,84.3
357,485,Transit and ground passenger transportation,2.0,Urban,2018.0,115,9133.6,98.5,32.0,61.6,8555.9,577.7,7497.6,2160.1,4687.5,2323.5,2810.1,1.7,82.7,3.3,20.6,67.5
361,487,Scenic and sightseeing transportation,2.0,Urban,2018.0,16,8896.4,92.4,38.1,48.2,7675.6,1220.8,7299.1,2923.6,4378.7,2839.5,2920.4,1.5,97.2,3.0,41.8,58.7
362,488,Support activities for transportation,1.0,Rural,2018.0,47,8707.0,96.0,53.8,35.9,7809.7,897.3,7039.2,2782.4,3685.4,2046.8,3353.8,1.1,61.0,2.6,26.8,43.9
363,488,Support activities for transportation,2.0,Urban,2018.0,666,9656.0,96.3,60.3,31.8,8899.0,757.0,6739.1,3141.7,4070.1,2204.1,2669.0,1.5,82.6,3.6,28.4,37.3
365,491,Postal service,2.0,Urban,2018.0,5,10258.5,98.8,65.5,25.1,9293.8,964.7,3921.5,1321.6,3029.1,1911.6,892.5,3.4,214.2,11.5,108.1,33.7
367,492,Couriers and messengers,2.0,Urban,2018.0,71,9150.3,99.7,49.7,35.2,7762.8,1387.5,3193.9,1964.6,1855.2,1357.1,1338.7,1.4,101.4,6.8,103.6,50.2
368,493,Warehousing and storage,1.0,Rural,2018.0,14,10952.7,92.2,59.8,33.4,10207.1,745.6,15135.1,4575.8,10144.6,4939.4,4990.5,2.0,99.0,2.2,14.9,35.1
369,493,Warehousing and storage,2.0,Urban,2018.0,133,9927.9,96.8,37.5,55.8,9265.6,662.4,13148.9,5847.2,10322.3,3583.6,2826.6,3.7,126.8,3.5,23.4,61.2
370,51,Information and cultural industries,1.0,Rural,2018.0,29,9260.1,97.2,22.2,57.4,7376.7,1883.4,13709.3,4432.2,2584.9,1942.7,11124.4,0.2,17.5,0.8,16.9,77.1
371,51,Information and cultural industries,2.0,Urban,2018.0,812,9616.5,93.2,40.2,54.8,9134.8,481.7,9686.5,5543.8,5518.8,3988.1,4167.8,1.3,95.7,2.3,11.6,56.9
373,511,Publishing industries,2.0,Urban,2018.0,220,9679.9,91.8,20.2,75.0,9212.4,467.6,12058.6,6700.0,6083.6,4206.3,5975.0,1.0,70.4,1.6,7.8,78.0
374,512,Motion picture and sound recording industries,1.0,Rural,2018.0,5,10970.7,99.9,49.6,30.4,8777.8,2192.9,5755.0,3526.7,2413.4,1921.0,3341.6,0.7,57.5,3.3,65.6,50.4
375,512,Motion picture and sound recording industries,2.0,Urban,2018.0,245,9052.9,94.4,57.0,37.6,8562.6,490.2,7552.7,5905.3,5583.9,4596.4,1968.8,2.8,233.5,4.6,24.9,39.6
377,515,Broadcasting (except Internet),2.0,Urban,2018.0,35,10294.4,90.3,18.7,74.8,9626.7,667.7,21082.7,8262.8,8421.2,5125.9,12661.4,0.7,40.5,0.8,5.3,79.3
379,517,Telecommunications,2.0,Urban,2018.0,180,9991.5,93.9,57.3,38.4,9557.3,434.2,6757.6,3214.3,4242.6,2773.3,2515.0,1.7,110.3,4.0,17.3,39.0
381,518,"Data processing, hosting, and related services",2.0,Urban,2018.0,78,10061.9,93.7,27.3,68.6,9646.8,415.1,11736.8,6069.1,6416.9,4401.0,5319.9,1.2,82.7,1.9,7.8,70.9
383,519,Other information services,2.0,Urban,2018.0,54,9583.0,93.1,25.0,68.4,8948.5,634.5,9119.2,4437.1,3997.4,3055.2,5121.8,0.8,59.7,1.9,12.4,73.2
384,53,Real estate and rental and leasing,1.0,Rural,2018.0,107,9016.1,70.9,28.2,54.4,7453.8,1562.3,17647.9,3286.7,11501.2,4224.5,6146.7,1.9,68.7,1.5,25.4,60.2
385,53,Real estate and rental and leasing,2.0,Urban,2018.0,2049,9086.1,49.1,19.1,61.2,7289.1,1797.0,37821.8,8692.0,25701.4,7891.8,12120.3,2.1,65.1,0.7,14.8,61.2
386,531,Real estate,1.0,Rural,2018.0,57,8868.0,59.3,25.6,54.6,7110.5,1757.4,18201.4,3055.3,12647.2,3635.2,5554.1,2.3,65.4,1.6,31.6,56.8
387,531,Real estate,2.0,Urban,2018.0,1635,9024.7,41.1,15.8,62.1,7031.5,1993.2,42141.6,9217.7,28941.6,8393.9,13200.0,2.2,63.6,0.7,15.1,61.7
389,532,Rental and leasing services,2.0,Urban,2018.0,346,9305.4,81.8,34.6,55.7,8402.8,902.6,21210.8,6720.8,13803.6,6267.2,7407.2,1.9,84.6,1.3,12.2,57.8
391,533,Lessors of non-financial intangible assets (except copyrighted works),2.0,Urban,2018.0,68,9446.5,68.2,17.1,65.7,7816.5,1630.0,18474.3,6082.9,8332.8,4084.6,10141.5,0.8,40.3,0.9,16.1,75.0
392,54,"Professional, scientific and technical services",1.0,Rural,2018.0,77,7646.5,94.7,34.6,45.0,6090.5,1555.9,4539.8,2787.0,2481.3,1632.7,2058.5,1.2,79.3,3.7,75.6,63.4
393,54,"Professional, scientific and technical services",2.0,Urban,2018.0,2945,9191.3,93.5,34.1,55.4,8223.6,967.7,8527.5,4996.8,5070.8,3207.6,3456.7,1.5,92.8,2.7,28.0,63.6
394,541,"Professional, scientific and technical services",1.0,Rural,2018.0,77,7646.5,94.7,34.6,45.0,6090.5,1555.9,4539.8,2787.0,2481.3,1632.7,2058.5,1.2,79.3,3.7,75.6,63.4
395,541,"Professional, scientific and technical services",2.0,Urban,2018.0,2945,9191.3,93.5,34.1,55.4,8223.6,967.7,8527.5,4996.8,5070.8,3207.6,3456.7,1.5,92.8,2.7,28.0,63.6
396,55,Management of companies and enterprises,1.0,Rural,2018.0,57,10109.0,31.4,14.3,23.0,3769.2,6339.8,58603.7,8184.7,12140.2,6000.0,46463.5,0.3,12.9,0.2,13.6,54.5
397,55,Management of companies and enterprises,2.0,Urban,2018.0,966,9640.5,22.8,4.5,41.4,4428.2,5212.3,146234.5,31223.1,48734.1,17502.3,97500.4,0.5,18.0,0.1,5.3,80.3
398,551,Management of companies and enterprises,1.0,Rural,2018.0,57,10109.0,31.4,14.3,23.0,3769.2,6339.8,58603.7,8184.7,12140.2,6000.0,46463.5,0.3,12.9,0.2,13.6,54.5
399,551,Management of companies and enterprises,2.0,Urban,2018.0,966,9640.5,22.8,4.5,41.4,4428.2,5212.3,146234.5,31223.1,48734.1,17502.3,97500.4,0.5,18.0,0.1,5.3,80.3
400,56,"Administrative and support, waste management and remediation services",1.0,Rural,2018.0,112,8599.4,91.0,37.8,51.1,7649.6,949.8,7248.3,2578.6,4793.7,2120.4,2454.6,2.0,86.4,3.5,38.7,58.4
401,56,"Administrative and support, waste management and remediation services",2.0,Urban,2018.0,1962,9335.9,94.1,52.6,37.9,8445.9,890.0,7076.8,3532.0,4253.7,2537.6,2823.2,1.5,89.9,3.3,31.5,44.1
402,561,Administrative and support services,1.0,Rural,2018.0,78,8433.7,91.9,43.4,46.4,7575.5,858.1,5789.4,2346.5,3960.1,1823.9,1829.2,2.2,99.7,4.6,46.9,52.7
403,561,Administrative and support services,2.0,Urban,2018.0,1720,9292.4,93.9,52.6,37.4,8363.5,929.0,6718.0,3542.1,4078.0,2476.8,2640.0,1.5,93.8,3.5,35.2,44.0
404,562,Waste management and remediation services,1.0,Rural,2018.0,34,8979.6,89.2,25.8,61.3,7819.5,1160.1,10595.4,3111.0,6706.0,2800.6,3889.4,1.7,72.0,2.3,29.8,71.1
405,562,Waste management and remediation services,2.0,Urban,2018.0,242,9644.9,95.1,52.3,41.3,9031.5,613.4,9627.3,3460.8,5501.9,2969.8,4125.4,1.3,72.0,2.3,14.9,45.0
406,61,Educational services,1.0,Rural,2018.0,15,8210.9,37.0,2.3,88.2,7425.7,785.2,7130.1,3297.3,4376.4,2220.0,2753.8,1.6,80.6,3.0,28.5,93.9
407,61,Educational services,2.0,Urban,2018.0,234,8434.2,83.4,17.0,72.4,7537.7,896.5,7350.2,3997.8,4996.4,3598.7,2353.8,2.1,152.9,3.6,38.1,79.6
408,611,Educational services,1.0,Rural,2018.0,15,8210.9,37.0,2.3,88.2,7425.7,785.2,7130.1,3297.3,4376.4,2220.0,2753.8,1.6,80.6,3.0,28.5,93.9
409,611,Educational services,2.0,Urban,2018.0,234,8434.2,83.4,17.0,72.4,7537.7,896.5,7350.2,3997.8,4996.4,3598.7,2353.8,2.1,152.9,3.6,38.1,79.6
410,62,Health care and social assistance,1.0,Rural,2018.0,85,8629.2,64.4,13.6,79.8,8066.1,563.1,6971.3,2057.6,5300.4,2190.4,1671.0,3.2,131.1,5.2,33.7,78.8
411,62,Health care and social assistance,2.0,Urban,2018.0,912,8879.5,83.2,18.9,67.4,7668.0,1211.5,8528.0,2898.5,6449.9,2613.4,2078.1,3.1,125.8,4.3,58.3,77.3
412,621,Ambulatory health care services,1.0,Rural,2018.0,27,9972.5,71.2,25.6,63.9,8920.2,1052.3,6362.1,2944.5,3326.2,2419.6,3035.9,1.1,79.7,3.3,34.7,64.1
413,621,Ambulatory health care services,2.0,Urban,2018.0,485,8646.3,90.9,24.6,58.5,7179.6,1466.7,5943.3,2616.5,3602.7,1955.1,2340.6,1.5,83.5,3.7,62.7,73.0
415,622,Hospitals,2.0,Urban,2018.0,8,13431.8,97.1,10.5,82.0,12424.4,1007.4,16645.0,3113.5,11867.2,3716.1,4777.8,2.5,77.8,2.8,21.1,89.2
416,623,Nursing and residential care facilities,1.0,Rural,2018.0,29,7934.4,77.1,0.7,94.9,7586.2,348.2,9982.7,1048.0,9621.5,2817.9,361.2,26.6,780.2,22.0,96.4,99.1
417,623,Nursing and residential care facilities,2.0,Urban,2018.0,258,9262.1,84.4,14.6,76.0,8391.9,870.2,14906.4,3608.9,13295.7,3990.8,1610.7,8.3,247.8,5.8,54.0,82.7
419,624,Social assistance,2.0,Urban,2018.0,161,8742.7,57.4,10.1,78.5,7742.9,999.8,5689.2,2598.7,3787.2,2334.6,1902.0,2.0,122.7,4.6,52.6,82.5
420,71,"Arts, entertainment and recreation",1.0,Rural,2018.0,37,8766.5,71.7,31.3,60.8,8075.5,691.0,10284.4,2969.4,4213.2,1731.1,6071.2,0.7,28.5,1.4,11.4,56.4
421,71,"Arts, entertainment and recreation",2.0,Urban,2018.0,275,8635.1,66.6,24.3,68.4,8000.5,634.7,15130.5,4545.9,8946.9,4438.7,6183.5,1.4,71.8,1.4,10.3,63.5
423,711,"Performing arts, spectator sports and related industries",2.0,Urban,2018.0,101,8715.9,70.5,35.4,60.1,8319.5,396.4,15363.4,5752.9,11998.2,5903.8,3365.1,3.6,175.4,2.6,11.8,49.8
425,712,Heritage institutions,2.0,Urban,2018.0,5,11514.1,83.1,24.4,72.2,11120.7,393.4,16364.6,5235.6,12606.3,1525.4,3758.3,3.4,40.6,3.1,10.5,70.7
426,713,"Amusement, gambling and recreation industries",1.0,Rural,2018.0,30,9057.1,70.4,30.7,62.8,8470.4,586.7,11389.0,3227.6,4676.8,1893.1,6712.2,0.7,28.2,1.3,8.7,56.4
427,713,"Amusement, gambling and recreation industries",2.0,Urban,2018.0,169,8501.6,63.5,17.4,73.3,7717.5,784.2,14954.8,3804.1,7015.0,3649.2,7939.6,0.9,46.0,1.1,9.9,72.5
428,72,Accommodation and food services,1.0,Rural,2018.0,206,8476.0,96.8,41.5,50.1,7771.7,704.2,7015.9,1898.6,3996.0,2058.0,3019.9,1.3,68.1,2.8,23.3,57.1
429,72,Accommodation and food services,2.0,Urban,2018.0,1726,8530.7,97.6,42.1,52.2,8043.0,487.7,6953.3,1690.7,4842.3,2214.1,2111.0,2.3,104.9,4.0,23.1,56.9
431,721,Accommodation services,2.0,Urban,2018.0,373,9007.4,94.3,30.8,61.2,8286.5,721.0,19696.8,3581.2,14425.6,5662.0,5271.2,2.7,107.4,1.7,13.7,67.3
433,722,Food services and drinking places,2.0,Urban,2018.0,1353,8399.3,98.6,45.4,49.5,7975.8,423.4,3440.1,1169.5,2200.4,1263.6,1239.7,1.8,101.9,6.8,34.2,53.9
434,81,Other services (except public administration),1.0,Rural,2018.0,137,8657.5,86.4,52.5,37.4,7789.1,868.4,6769.4,3150.8,2652.9,1733.1,4116.5,0.6,42.1,2.1,21.1,39.2
435,81,Other services (except public administration),2.0,Urban,2018.0,1217,8678.7,68.0,36.6,57.2,8136.7,542.0,8365.8,4070.9,4316.7,2626.5,4049.2,1.1,64.9,2.1,13.4,46.2
436,811,Repair and maintenance,1.0,Rural,2018.0,104,8300.7,99.2,62.9,27.6,7512.8,787.9,4490.4,2946.7,2683.9,1786.3,1806.4,1.5,98.9,4.6,43.6,36.6
437,811,Repair and maintenance,2.0,Urban,2018.0,553,8480.9,98.4,63.0,29.8,7869.4,611.5,5594.7,2908.1,2806.2,1724.8,2788.4,1.0,61.9,3.0,21.9,36.0
439,812,Personal and laundry services,2.0,Urban,2018.0,152,8620.5,93.5,36.6,56.0,7986.7,633.7,8530.1,2771.6,6071.4,2342.0,2458.7,2.5,95.3,3.5,25.8,60.8
440,813,"Religious, grant-making, civic, and professional and similar organizations",1.0,Rural,2018.0,27,9697.1,44.7,26.2,64.1,8753.3,943.8,15757.0,4060.1,2432.2,1410.4,13324.7,0.2,10.6,0.7,7.1,41.5
441,813,"Religious, grant-making, civic, and professional and similar organizations",2.0,Urban,2018.0,507,8932.1,28.9,9.3,85.8,8494.1,438.0,11408.5,5757.8,5464.6,3705.7,5943.9,0.9,62.3,1.5,7.4,67.9
443,814,Private households,2.0,Urban,2018.0,5,6631.9,100.0,30.9,59.9,6023.4,608.5,1336.2,1129.6,1620.2,1573.9,-284.0,-5.7,-554.1,-23.3,-214.2,69.1
444,0,All industries,1.0,Rural,2019.0,7446,9306.0,95.7,58.1,38.4,8973.3,332.7,7299.0,3213.9,4234.2,2330.0,3064.8,1.4,76.0,3.0,10.9,39.3
445,0,All industries,2.0,Urban,2019.0,43823,9547.3,91.9,58.0,34.9,8873.0,674.3,12389.3,4790.0,6656.9,3286.4,5732.4,1.2,57.3,1.7,11.8,36.9
446,11,"Agriculture, forestry, fishing and hunting",1.0,Rural,2019.0,1216,8431.7,91.5,16.0,96.6,9494.7,-1063.0,12140.5,3834.0,7379.3,3414.0,4761.2,1.5,71.7,1.8,-22.3,82.5
447,11,"Agriculture, forestry, fishing and hunting",2.0,Urban,2019.0,937,8911.8,93.6,22.4,91.8,10177.2,-1265.4,13207.3,3800.7,9107.8,3667.6,4099.5,2.2,89.5,2.2,-30.9,76.1
448,111,Crop production,1.0,Rural,2019.0,473,7963.3,88.2,6.4,106.1,8957.5,-994.2,13273.3,4325.4,7639.8,3350.1,5633.5,1.4,59.5,1.4,-17.6,92.8
449,111,Crop production,2.0,Urban,2019.0,424,8711.9,93.6,13.1,102.7,10082.4,-1370.4,13370.7,4153.5,8597.0,3690.1,4773.7,1.8,77.3,1.8,-28.7,86.0
450,112,Animal production and aquaculture,1.0,Rural,2019.0,428,8550.9,91.2,5.2,127.7,11357.6,-2806.8,15126.0,4574.9,10062.0,4757.7,5064.0,2.0,94.0,1.7,-55.4,94.4
451,112,Animal production and aquaculture,2.0,Urban,2019.0,271,8608.5,91.9,6.2,124.6,11259.8,-2651.3,15652.7,4132.9,11220.6,4604.0,4432.1,2.5,103.9,1.9,-59.8,93.2
453,113,Forestry and logging,2.0,Urban,2019.0,119,9454.4,98.1,54.7,38.1,8773.0,681.5,6219.6,1813.9,3695.9,2192.4,2523.7,1.5,86.9,3.7,27.0,44.3
455,114,"Fishing, hunting and trapping",2.0,Urban,2019.0,13,9833.9,95.3,54.5,36.2,8916.3,917.7,10798.3,2952.5,7872.0,5683.8,2926.3,2.7,194.2,3.4,31.4,42.8
456,115,Support activities for agriculture and forestry,1.0,Rural,2019.0,93,9174.1,92.7,55.2,36.2,8382.5,791.6,6032.5,2825.8,3294.2,1808.1,2738.3,1.2,66.0,3.4,28.9,40.5
457,115,Support activities for agriculture and forestry,2.0,Urban,2019.0,110,9733.2,92.5,52.1,46.0,9543.6,189.5,14397.0,3871.9,11872.5,2631.1,2524.4,4.7,104.2,3.9,7.5,43.7
458,21,"Mining, quarrying, and oil and gas extraction",1.0,Rural,2019.0,175,9371.3,96.9,41.1,48.2,8366.9,1004.5,9783.2,3338.3,5307.1,2540.8,4476.1,1.2,56.8,2.1,22.4,57.6
459,21,"Mining, quarrying, and oil and gas extraction",2.0,Urban,2019.0,400,10166.6,91.4,46.7,68.4,11699.0,-1532.3,31792.3,6224.6,13959.3,5904.2,17833.0,0.8,33.1,0.6,-8.6,48.9
460,211,Oil and gas extraction,1.0,Rural,2019.0,7,7986.8,98.5,36.6,54.8,7300.3,686.5,15856.7,3162.0,7080.6,1978.2,8776.1,0.8,22.5,0.9,7.8,62.8
461,211,Oil and gas extraction,2.0,Urban,2019.0,73,10990.2,89.8,38.2,138.1,19378.9,-8388.7,77483.6,7846.3,28656.0,10345.8,48827.5,0.6,21.2,0.2,-17.2,57.4
462,212,Mining and quarrying (except oil and gas),1.0,Rural,2019.0,43,10825.1,95.5,52.2,37.8,9741.4,1083.7,17585.5,5016.5,8824.5,2987.7,8761.1,1.0,34.1,1.2,12.4,45.3
463,212,Mining and quarrying (except oil and gas),2.0,Urban,2019.0,65,10193.3,98.2,71.1,24.1,9708.0,485.3,16240.4,5576.0,8853.1,3377.7,7387.3,1.2,45.7,1.4,6.6,27.6
464,213,"Support activities for mining, and oil and gas extraction",1.0,Rural,2019.0,125,8948.8,97.3,36.6,52.2,7953.8,995.0,6759.1,2770.9,3997.8,2418.5,2761.3,1.4,87.6,3.2,36.0,62.4
465,213,"Support activities for mining, and oil and gas extraction",2.0,Urban,2019.0,262,9930.5,90.1,43.0,58.2,10053.1,-122.6,22919.8,5933.7,11131.2,5293.4,11788.6,0.9,44.9,0.8,-1.0,52.3
466,22,Utilities,1.0,Rural,2019.0,27,9614.5,95.6,50.0,43.1,8950.1,664.4,20830.9,4777.2,13524.6,2558.2,7306.4,1.9,35.0,1.3,9.1,47.7
467,22,Utilities,2.0,Urban,2019.0,55,9850.8,86.4,43.6,49.8,9200.3,650.6,51851.7,9808.6,26163.5,9544.6,25688.2,1.0,37.2,0.4,2.5,49.6
468,221,Utilities,1.0,Rural,2019.0,27,9614.5,95.6,50.0,43.1,8950.1,664.4,20830.9,4777.2,13524.6,2558.2,7306.4,1.9,35.0,1.3,9.1,47.7
469,221,Utilities,2.0,Urban,2019.0,55,9850.8,86.4,43.6,49.8,9200.3,650.6,51851.7,9808.6,26163.5,9544.6,25688.2,1.0,37.2,0.4,2.5,49.6
470,23,Construction,1.0,Rural,2019.0,962,9003.0,98.6,66.3,24.8,8199.3,803.7,5350.7,3181.9,3293.8,2074.8,2056.9,1.6,100.9,4.4,39.1,32.8
471,23,Construction,2.0,Urban,2019.0,7579,9318.5,97.4,74.2,18.9,8670.2,648.4,7687.1,4811.5,5212.2,3131.1,2474.9,2.1,126.5,3.8,26.2,23.9
472,236,Construction of buildings,1.0,Rural,2019.0,327,8838.0,98.7,80.1,13.3,8250.9,587.1,4681.5,3289.2,3148.3,2134.1,1533.1,2.1,139.2,5.8,38.3,18.9
473,236,Construction of buildings,2.0,Urban,2019.0,2739,9296.4,97.5,80.3,14.4,8806.4,490.0,8000.4,5732.5,5827.9,3633.4,2172.5,2.7,167.2,4.3,22.6,17.6
474,237,Heavy and civil engineering construction,1.0,Rural,2019.0,219,10032.8,98.3,54.0,35.1,8938.8,1094.0,6896.3,3644.8,4099.4,2463.0,2796.9,1.5,88.1,3.6,39.1,45.0
475,237,Heavy and civil engineering construction,2.0,Urban,2019.0,1046,9690.5,90.7,63.9,26.6,8771.2,919.3,17318.8,7393.0,11735.2,5614.6,5583.7,2.1,100.6,1.7,16.5,29.6
476,238,Specialty trade contractors,1.0,Rural,2019.0,416,8590.6,98.7,62.7,27.8,7769.4,821.1,5063.0,2854.0,2983.9,1823.7,2079.0,1.4,87.7,4.1,39.5,36.5
477,238,Specialty trade contractors,2.0,Urban,2019.0,3794,9231.9,99.3,72.6,19.9,8543.9,688.0,4805.5,3435.0,2969.4,2083.7,1836.1,1.6,113.5,5.0,37.5,26.9
478,31-33,Manufacturing,1.0,Rural,2019.0,867,9949.2,98.8,72.3,22.4,9421.3,527.9,7508.0,3948.5,4438.4,2409.9,3069.6,1.4,78.5,3.2,17.2,26.8
479,31-33,Manufacturing,2.0,Urban,2019.0,4967,9954.8,98.7,68.9,26.3,9483.0,471.8,7740.5,4555.5,4683.4,2707.4,3057.1,1.5,88.6,3.3,15.4,30.2
480,311,Food manufacturing,1.0,Rural,2019.0,158,10534.6,98.7,73.3,23.5,10198.1,336.5,6757.0,3026.9,3973.8,1838.7,2783.1,1.4,66.1,3.8,12.1,25.7
481,311,Food manufacturing,2.0,Urban,2019.0,407,9964.7,98.7,72.0,24.8,9647.4,317.3,6140.3,2861.3,4233.7,2059.2,1906.5,2.2,108.0,5.2,16.6,27.0
482,312,Beverage and tobacco product manufacturing,1.0,Rural,2019.0,10,8896.7,99.8,34.2,72.9,9531.0,-634.4,11668.7,4035.8,8978.2,4886.8,2690.5,3.3,181.6,3.3,-23.6,65.7
483,312,Beverage and tobacco product manufacturing,2.0,Urban,2019.0,73,8813.6,95.0,54.3,46.2,8858.6,-45.1,9945.6,4219.7,7391.6,3974.3,2554.0,2.9,155.6,3.5,-1.8,42.8
484,313,Textile mills,1.0,Rural,2019.0,7,10177.6,99.8,73.0,21.3,9599.0,578.6,6919.3,4194.3,3242.5,2489.3,3676.8,0.9,67.7,2.8,15.7,26.8
485,313,Textile mills,2.0,Urban,2019.0,19,10363.1,95.7,68.2,22.1,9356.6,1006.5,7070.8,4593.8,3931.4,2256.0,3139.4,1.3,71.9,3.3,32.1,28.7
486,314,Textile product mills,1.0,Rural,2019.0,7,7762.9,99.4,65.0,23.6,6883.5,879.5,5226.3,3943.7,2892.6,938.3,2333.7,1.2,40.2,3.3,37.7,34.6
487,314,Textile product mills,2.0,Urban,2019.0,46,10200.8,99.6,71.2,22.2,9518.6,682.1,6751.5,4811.1,3292.7,2244.5,3458.7,1.0,64.9,2.9,19.7,28.6
488,315,Clothing manufacturing,1.0,Rural,2019.0,6,7457.3,99.6,67.3,23.7,6790.8,666.5,8523.9,3726.5,3200.1,1329.9,5323.8,0.6,25.0,1.4,12.5,32.4
489,315,Clothing manufacturing,2.0,Urban,2019.0,69,9556.1,99.1,65.0,29.5,9025.8,530.3,5335.3,4113.8,3218.9,2046.8,2116.4,1.5,96.7,4.5,25.1,34.4
491,316,Leather and allied product manufacturing,2.0,Urban,2019.0,9,10596.8,100.0,79.3,21.6,10697.1,-100.3,8360.7,5356.4,5850.7,2205.8,2510.0,2.3,87.9,4.2,-4.0,20.6
492,321,Wood product manufacturing,1.0,Rural,2019.0,135,10366.9,99.1,74.1,21.9,9946.7,420.2,8506.8,3778.6,5197.8,2276.0,3309.0,1.6,68.8,3.1,12.7,25.3
493,321,Wood product manufacturing,2.0,Urban,2019.0,275,9923.5,99.1,75.6,18.4,9330.4,593.2,6381.3,3705.8,3863.8,2002.3,2517.5,1.5,79.5,3.9,23.6,23.6
494,322,Paper manufacturing,1.0,Rural,2019.0,8,11405.7,99.7,71.8,22.5,10760.2,645.5,7838.9,4013.7,5237.5,4218.7,2601.4,2.0,162.2,4.4,24.8,28.0
495,322,Paper manufacturing,2.0,Urban,2019.0,72,10238.9,99.6,72.8,22.1,9718.3,520.6,6324.9,3328.8,4005.3,2032.5,2319.6,1.7,87.6,4.4,22.4,26.9
496,323,Printing and related support activities,1.0,Rural,2019.0,5,8567.3,98.9,76.4,16.7,7976.4,590.9,4671.1,3246.0,3224.6,1596.1,1446.6,2.2,110.3,5.9,40.9,22.7
497,323,Printing and related support activities,2.0,Urban,2019.0,185,10061.4,99.0,66.4,29.2,9616.6,444.8,7816.5,3618.7,4607.0,2638.1,3209.4,1.4,82.2,3.1,13.9,33.0
499,324,Petroleum and coal product manufacturing,2.0,Urban,2019.0,32,10335.0,99.7,77.9,15.7,9674.1,660.9,7643.4,4210.8,5244.8,3094.9,2398.7,2.2,129.0,4.3,27.6,21.8
500,325,Chemical manufacturing,1.0,Rural,2019.0,28,8495.0,97.2,71.5,27.8,8436.4,58.6,7635.0,3654.0,6407.6,2758.6,1227.3,5.2,224.8,6.9,4.8,26.4
501,325,Chemical manufacturing,2.0,Urban,2019.0,236,10957.3,97.9,62.5,42.1,11463.1,-505.8,12620.3,5467.3,6758.7,3722.7,5861.6,1.2,63.5,1.9,-8.6,36.2
502,326,Plastics and rubber products manufacturing,1.0,Rural,2019.0,52,10546.4,99.5,70.2,24.6,9988.5,557.9,7953.9,3968.9,4756.8,2483.3,3197.1,1.5,77.7,3.3,17.5,29.5
503,326,Plastics and rubber products manufacturing,2.0,Urban,2019.0,393,10242.3,99.1,71.2,23.2,9667.1,575.2,8133.5,4385.8,5101.0,3169.0,3032.5,1.7,104.5,3.4,19.0,28.1
504,327,Non-metallic mineral product manufacturing,1.0,Rural,2019.0,49,9918.6,99.1,67.6,25.1,9201.4,717.2,8097.4,4019.8,3907.3,2042.8,4190.0,0.9,48.8,2.4,17.1,31.8
505,327,Non-metallic mineral product manufacturing,2.0,Urban,2019.0,214,9935.5,97.9,68.8,25.6,9379.4,556.1,8026.1,4304.9,4743.0,2466.8,3283.2,1.4,75.1,3.0,16.9,29.7
506,331,Primary metal manufacturing,1.0,Rural,2019.0,9,10851.4,99.2,90.4,18.2,11785.7,-934.4,9053.3,4889.3,7769.2,4623.6,1284.1,6.1,360.1,8.5,-72.8,8.9
507,331,Primary metal manufacturing,2.0,Urban,2019.0,72,9401.2,99.2,78.6,18.1,9094.3,306.9,7399.4,4459.1,4583.9,1795.3,2815.5,1.6,63.8,3.3,10.9,20.8
508,332,Fabricated metal product manufacturing,1.0,Rural,2019.0,132,9919.9,98.9,73.6,19.0,9188.1,731.8,7012.6,4382.6,4040.0,2557.7,2972.6,1.4,86.0,3.3,24.6,25.5
509,332,Fabricated metal product manufacturing,2.0,Urban,2019.0,994,9579.3,99.1,70.3,22.2,8867.8,711.6,6919.1,4496.5,3978.4,2422.1,2940.6,1.4,82.4,3.3,24.2,29.0
510,333,Machinery manufacturing,1.0,Rural,2019.0,113,10216.1,97.6,70.7,19.5,9213.8,1002.2,8757.4,4955.6,4489.3,2970.8,4268.1,1.1,69.6,2.4,23.5,27.6
511,333,Machinery manufacturing,2.0,Urban,2019.0,680,10236.0,98.8,69.3,25.5,9707.9,528.0,8745.4,5780.0,5329.2,3188.5,3416.2,1.6,93.3,3.0,15.5,29.8
513,334,Computer and electronic product manufacturing,2.0,Urban,2019.0,235,10171.7,96.6,56.4,40.8,9893.7,278.0,10891.7,6355.0,5869.6,3518.5,5022.1,1.2,70.1,2.0,5.5,41.6
514,335,"Electrical equipment, appliance and component manufacturing",1.0,Rural,2019.0,11,10280.4,99.4,64.6,25.3,9246.4,1034.0,8906.6,5273.3,5489.7,3229.6,3416.9,1.6,94.5,3.0,30.3,35.0
515,335,"Electrical equipment, appliance and component manufacturing",2.0,Urban,2019.0,162,10374.8,98.7,64.0,31.7,9929.8,444.9,8277.4,5343.6,5272.8,2802.2,3004.7,1.8,93.3,3.5,14.8,35.2
516,336,Transportation equipment manufacturing,1.0,Rural,2019.0,49,9598.9,99.1,77.0,18.4,9156.9,441.9,6763.5,4099.9,4311.2,2261.3,2452.4,1.8,92.2,3.9,18.0,22.3
517,336,Transportation equipment manufacturing,2.0,Urban,2019.0,211,10387.0,98.7,72.2,23.8,9974.4,412.6,7837.9,5196.7,4881.3,3326.3,2956.6,1.7,112.5,3.5,14.0,26.9
518,337,Furniture and related product manufacturing,1.0,Rural,2019.0,49,8636.1,98.8,75.2,22.0,8394.5,241.6,4920.0,3100.1,3249.2,1992.0,1670.8,1.9,119.2,5.2,14.5,23.9
519,337,Furniture and related product manufacturing,2.0,Urban,2019.0,274,9504.7,99.6,71.1,23.5,8989.3,515.4,5251.6,3631.4,3538.3,2197.2,1713.3,2.1,128.2,5.5,30.1,28.6
520,339,Miscellaneous manufacturing,1.0,Rural,2019.0,29,8220.4,99.0,69.6,24.9,7763.1,457.3,6345.1,4389.8,3936.9,2812.2,2408.2,1.6,116.8,3.4,19.0,29.7
521,339,Miscellaneous manufacturing,2.0,Urban,2019.0,309,9397.0,98.9,65.3,29.7,8919.8,477.2,7087.0,4349.8,4438.4,2546.1,2648.6,1.7,96.1,3.5,18.0,34.0
522,41,Wholesale trade,1.0,Rural,2019.0,784,9842.1,98.7,78.2,19.0,9561.7,280.4,5460.5,3687.4,2999.2,2119.2,2461.3,1.2,86.1,4.0,11.4,20.8
523,41,Wholesale trade,2.0,Urban,2019.0,6581,9932.2,98.6,73.0,23.0,9532.2,400.0,5694.0,4190.8,3321.5,2403.8,2372.4,1.4,101.3,4.2,16.9,26.0
524,411,Farm product merchant wholesalers,1.0,Rural,2019.0,56,10286.9,97.6,69.2,39.6,11192.1,-905.1,4633.9,2534.2,3082.7,2363.0,1551.2,2.0,152.3,6.6,-58.4,29.1
525,411,Farm product merchant wholesalers,2.0,Urban,2019.0,100,10429.6,97.4,67.2,41.5,11333.3,-903.7,5130.7,3099.4,3144.8,2284.3,1985.9,1.6,115.0,5.3,-45.5,31.1
526,412,Petroleum and petroleum products merchant wholesalers,1.0,Rural,2019.0,35,10760.0,99.6,85.9,11.9,10528.5,231.4,3268.6,1904.7,1893.4,1197.5,1375.2,1.4,87.1,7.8,16.8,13.8
527,412,Petroleum and petroleum products merchant wholesalers,2.0,Urban,2019.0,58,11315.1,97.7,77.3,18.5,10838.8,476.3,8369.7,4793.3,5740.6,3388.3,2629.0,2.2,128.9,4.3,18.1,20.9
528,413,"Food, beverage and tobacco merchant wholesalers",1.0,Rural,2019.0,151,9757.5,98.6,83.3,15.2,9611.0,146.6,4887.9,2973.1,2020.5,1397.2,2867.4,0.7,48.7,3.4,5.1,15.5
529,413,"Food, beverage and tobacco merchant wholesalers",2.0,Urban,2019.0,926,10158.5,99.4,80.4,17.1,9901.8,256.7,4139.6,2973.3,2663.3,1893.0,1476.3,1.8,128.2,6.9,17.4,19.1
530,414,Personal and household goods merchant wholesalers,1.0,Rural,2019.0,12,10632.5,100.0,71.8,22.8,10060.2,572.3,6393.3,4647.5,4337.2,2691.9,2056.1,2.1,130.9,5.2,27.8,28.2
531,414,Personal and household goods merchant wholesalers,2.0,Urban,2019.0,866,9747.4,98.8,66.8,29.4,9370.8,376.6,6120.4,4992.0,3854.5,2847.2,2265.9,1.7,125.7,4.3,16.6,32.4
532,415,Motor vehicle and motor vehicle parts and accessories merchant wholesalers,1.0,Rural,2019.0,56,10291.7,99.5,80.0,17.0,9986.4,305.3,5255.4,4002.6,2372.3,1867.0,2883.1,0.8,64.8,3.6,10.6,19.6
533,415,Motor vehicle and motor vehicle parts and accessories merchant wholesalers,2.0,Urban,2019.0,456,10133.2,99.1,79.9,17.0,9817.8,315.3,5021.6,3483.3,2692.1,1838.8,2329.6,1.2,78.9,4.3,13.5,19.3
534,416,Building material and supplies merchant wholesalers,1.0,Rural,2019.0,64,9804.9,99.4,76.1,18.1,9233.9,571.0,7024.9,3600.5,3664.7,2088.4,3360.2,1.1,62.2,2.9,17.0,23.4
535,416,Building material and supplies merchant wholesalers,2.0,Urban,2019.0,1052,9996.2,98.9,72.4,22.3,9467.3,529.0,5748.7,4567.6,3485.4,2507.2,2263.3,1.5,110.8,4.4,23.4,26.8
536,417,"Machinery, equipment and supplies merchant wholesalers",1.0,Rural,2019.0,235,9709.0,99.1,76.9,17.7,9181.1,527.9,6506.9,5063.7,3881.3,2891.2,2625.6,1.5,110.1,3.7,20.1,22.4
537,417,"Machinery, equipment and supplies merchant wholesalers",2.0,Urban,2019.0,1859,9910.4,98.7,70.7,24.8,9464.3,446.0,6339.4,4656.0,3566.3,2680.5,2773.0,1.3,96.7,3.6,16.1,28.3
538,418,Miscellaneous merchant wholesalers,1.0,Rural,2019.0,137,9851.4,98.3,78.2,18.0,9475.0,376.4,4819.8,3122.7,2872.7,1880.0,1947.2,1.5,96.6,5.1,19.3,20.5
539,418,Miscellaneous merchant wholesalers,2.0,Urban,2019.0,922,9814.2,98.6,74.0,21.4,9359.3,454.9,5404.3,3731.4,3077.1,2105.0,2326.8,1.3,90.5,4.2,19.6,25.0
540,419,"Business-to-business electronic markets, and agents and brokers",1.0,Rural,2019.0,38,8617.8,95.6,73.5,25.3,8508.5,109.3,4184.0,2770.7,2165.8,1808.5,2018.2,1.1,89.6,4.3,5.4,23.2
541,419,"Business-to-business electronic markets, and agents and brokers",2.0,Urban,2019.0,342,9378.6,95.1,71.0,23.3,8846.0,532.6,6534.8,4170.0,3058.4,2268.3,3476.4,0.9,65.2,2.7,15.3,25.3
542,44-45,Retail trade,1.0,Rural,2019.0,2035,9746.9,98.4,78.2,19.4,9514.3,232.6,3969.4,2631.7,2451.7,1784.5,1517.7,1.6,117.6,6.4,15.3,20.5
543,44-45,Retail trade,2.0,Urban,2019.0,6941,10011.2,98.4,74.7,23.2,9801.5,209.8,3711.6,2626.2,2564.3,1719.6,1147.3,2.2,149.9,8.7,18.3,24.1
544,441,Motor vehicle and parts dealers,1.0,Rural,2019.0,528,11280.6,98.7,85.0,13.6,11128.0,152.6,5459.9,4436.8,3862.2,3297.2,1597.7,2.4,206.4,7.1,9.6,13.8
545,441,Motor vehicle and parts dealers,2.0,Urban,2019.0,1595,10897.7,98.5,83.9,15.1,10790.0,107.7,4799.0,3817.5,3477.0,2645.9,1322.0,2.6,200.1,8.2,8.1,14.8
546,442,Furniture and home furnishings stores,1.0,Rural,2019.0,29,7520.4,98.6,60.7,32.2,6987.7,532.6,4192.1,2596.2,1883.3,1360.2,2308.8,0.8,58.9,3.3,23.1,38.4
547,442,Furniture and home furnishings stores,2.0,Urban,2019.0,321,8480.3,99.2,63.6,33.3,8219.8,260.6,4418.5,3185.2,2678.8,1898.6,1739.7,1.5,109.1,4.9,15.0,35.9
548,443,Electronics and appliance stores,1.0,Rural,2019.0,7,7336.7,99.9,75.0,20.2,6982.1,354.6,3033.3,2120.3,960.7,754.2,2072.6,0.5,36.4,3.5,17.1,25.0
549,443,Electronics and appliance stores,2.0,Urban,2019.0,132,8387.7,98.3,69.9,26.7,8096.7,290.9,3553.3,2883.8,2215.5,1761.1,1337.8,1.7,131.6,6.3,21.7,28.9
550,444,Building material and garden equipment and supplies dealers,1.0,Rural,2019.0,277,9110.1,98.7,72.0,24.1,8757.7,352.3,5591.9,3674.5,2986.9,2132.4,2605.0,1.1,81.9,3.5,13.5,27.1
551,444,Building material and garden equipment and supplies dealers,2.0,Urban,2019.0,542,9302.4,99.2,70.2,25.7,8925.3,377.1,5056.8,3554.0,2995.5,2149.8,2061.3,1.5,104.3,4.5,18.3,29.2
552,445,Food and beverage stores,1.0,Rural,2019.0,481,10467.7,97.6,75.1,23.0,10262.9,204.8,2243.1,1070.1,1315.3,712.2,927.8,1.4,76.8,11.3,22.1,23.1
553,445,Food and beverage stores,2.0,Urban,2019.0,1127,10921.3,98.1,75.5,22.8,10729.7,191.6,2264.4,1267.7,1602.7,882.6,661.7,2.4,133.4,16.5,29.0,23.0
554,446,Health and personal care stores,1.0,Rural,2019.0,151,8235.6,98.1,68.3,27.8,7912.1,323.5,3561.8,1844.6,2252.9,1222.9,1308.9,1.7,93.4,6.3,24.7,30.4
555,446,Health and personal care stores,2.0,Urban,2019.0,1168,10301.7,97.3,69.4,28.7,10103.2,198.6,3005.2,2195.9,2240.0,1211.3,765.3,2.9,158.3,13.5,25.9,28.7
556,447,Gasoline stations,1.0,Rural,2019.0,303,7449.6,98.8,86.1,12.4,7336.7,112.9,1980.0,736.5,1175.0,413.3,805.0,1.5,51.3,9.3,14.0,12.9
557,447,Gasoline stations,2.0,Urban,2019.0,762,8227.4,98.5,85.5,13.5,8142.0,85.4,2028.1,689.5,1460.3,447.4,567.8,2.6,78.8,14.5,15.0,13.2
558,448,Clothing and clothing accessories stores,1.0,Rural,2019.0,7,8353.4,96.5,48.5,41.9,7551.9,801.5,9000.2,6106.5,6840.1,5207.7,2160.1,3.2,241.1,3.9,37.1,49.8
559,448,Clothing and clothing accessories stores,2.0,Urban,2019.0,253,9148.2,99.2,56.1,40.6,8853.1,295.1,5082.6,3844.6,3328.3,2377.6,1754.3,1.9,135.5,5.2,16.8,43.4
560,451,"Sporting goods, hobby, book and music stores",1.0,Rural,2019.0,6,10302.8,98.7,65.8,28.8,9742.0,560.8,6006.6,4902.2,2603.1,1747.3,3403.6,0.8,51.3,3.0,16.5,33.3
561,451,"Sporting goods, hobby, book and music stores",2.0,Urban,2019.0,159,9051.8,98.9,63.1,33.3,8726.9,324.9,5000.7,3685.4,2875.8,2177.5,2124.9,1.4,102.5,4.3,15.3,36.2
562,452,General merchandise stores,1.0,Rural,2019.0,186,10103.4,98.6,74.5,21.8,9734.2,369.2,5032.5,3604.8,2947.7,2606.9,2084.8,1.4,125.0,4.8,17.7,24.4
563,452,General merchandise stores,2.0,Urban,2019.0,379,11239.7,99.2,73.1,24.0,10917.3,322.4,4538.7,3566.7,3202.0,2934.8,1336.7,2.4,219.6,8.4,24.1,26.3
564,453,Miscellaneous store retailers,1.0,Rural,2019.0,22,8321.7,98.1,65.5,31.6,8084.3,237.3,5709.5,3275.1,3242.4,1683.6,2467.1,1.3,68.2,3.4,9.6,33.2
565,453,Miscellaneous store retailers,2.0,Urban,2019.0,256,8827.6,98.3,63.5,31.2,8359.4,468.2,4235.9,2763.4,2662.4,1518.7,1573.5,1.7,96.5,5.6,29.8,35.4
566,454,Non-store retailers,1.0,Rural,2019.0,38,9669.9,98.7,79.6,16.9,9331.3,338.6,3307.7,1942.2,1297.4,890.2,2010.3,0.6,44.3,4.8,16.8,19.3
567,454,Non-store retailers,2.0,Urban,2019.0,247,9519.8,99.2,64.6,32.1,9210.3,309.6,3992.6,2726.0,3024.8,2062.0,967.9,3.1,213.0,9.8,32.0,34.9
568,48-49,Transportation and warehousing,1.0,Rural,2019.0,507,9248.8,98.0,35.8,52.4,8154.9,1093.9,6184.9,2261.4,3889.9,1992.6,2295.1,1.7,86.8,4.0,47.7,63.5
569,48-49,Transportation and warehousing,2.0,Urban,2019.0,2508,9652.1,97.4,49.9,40.4,8719.5,932.7,6965.7,2602.6,4914.0,2150.5,2051.7,2.4,104.8,4.7,45.5,48.7
571,481,Air transportation,2.0,Urban,2019.0,86,9920.7,89.9,44.3,51.1,9456.9,463.7,14554.8,4986.5,12159.4,6440.1,2395.4,5.1,268.9,4.1,19.4,50.8
573,482,Rail transportation,2.0,Urban,2019.0,12,9467.9,89.0,19.7,61.7,7707.0,1760.9,25586.5,5640.0,11049.5,2271.4,14537.0,0.8,15.6,0.7,12.1,77.9
574,483,Water transportation,1.0,Rural,2019.0,6,10383.9,99.8,79.0,20.9,10376.1,7.8,2713.5,1119.4,2494.8,2216.9,218.7,11.4,1013.6,47.5,3.6,20.8
576,484,Truck transportation,1.0,Rural,2019.0,381,9228.6,98.8,33.4,53.9,8056.5,1172.1,5271.0,2035.5,3457.9,1733.7,1813.1,1.9,95.6,5.1,64.6,66.2
577,484,Truck transportation,2.0,Urban,2019.0,1358,9638.2,98.8,48.3,39.8,8498.4,1139.8,4729.3,2063.8,3222.3,1621.3,1507.1,2.1,107.6,6.4,75.6,51.1
578,485,Transit and ground passenger transportation,1.0,Rural,2019.0,18,8023.3,98.8,15.6,71.3,6977.1,1046.2,9106.2,2022.3,5862.0,2948.9,3244.1,1.8,90.9,2.5,32.3,84.2
579,485,Transit and ground passenger transportation,2.0,Urban,2019.0,115,9121.9,99.2,30.1,63.5,8542.1,579.8,8009.5,2157.5,4884.8,2417.8,3124.7,1.6,77.4,2.9,18.6,69.6
583,487,Scenic and sightseeing transportation,2.0,Urban,2019.0,15,9001.1,96.2,43.0,49.2,8302.7,698.4,8063.5,2563.6,5008.6,3017.6,3054.9,1.6,98.8,2.9,22.9,55.3
584,488,Support activities for transportation,1.0,Rural,2019.0,58,8492.1,92.3,46.3,43.3,7609.7,882.4,7576.5,2716.8,3934.9,2321.5,3641.7,1.1,63.7,2.3,24.2,49.8
585,488,Support activities for transportation,2.0,Urban,2019.0,675,9783.1,96.1,59.9,33.7,9162.1,621.0,9842.0,3208.9,7194.4,2499.7,2647.6,2.7,94.4,3.7,23.5,37.6
587,491,Postal service,2.0,Urban,2019.0,6,9799.0,89.1,65.1,15.7,7916.4,1882.6,4245.2,3771.1,3032.0,2934.4,1213.2,2.5,241.9,8.1,155.2,26.9
589,492,Couriers and messengers,2.0,Urban,2019.0,77,9426.7,99.5,52.5,38.0,8530.9,895.8,3292.9,1990.4,2427.1,1284.9,865.7,2.8,148.4,10.9,103.5,47.2
590,493,Warehousing and storage,1.0,Rural,2019.0,12,12549.5,97.9,70.7,25.6,12087.9,461.5,14521.6,5951.4,9094.7,6075.9,5427.0,1.7,112.0,2.3,8.5,27.8
591,493,Warehousing and storage,2.0,Urban,2019.0,133,9444.9,97.7,40.4,50.3,8569.3,875.6,9725.3,3801.6,7341.7,3216.2,2383.6,3.1,134.9,4.0,36.7,58.6
592,51,Information and cultural industries,1.0,Rural,2019.0,32,9368.7,88.1,18.1,64.3,7720.8,1647.9,15549.8,4921.9,4078.2,2955.7,11471.5,0.4,25.8,0.8,14.4,79.5
593,51,Information and cultural industries,2.0,Urban,2019.0,831,9898.2,93.6,40.3,53.9,9324.1,574.1,10899.0,5951.7,6478.8,4485.3,4420.2,1.5,101.5,2.2,13.0,56.9
594,511,Publishing industries,1.0,Rural,2019.0,5,8426.1,79.6,1.8,104.0,8916.9,-490.8,6892.9,6067.5,3208.0,2611.6,3684.8,0.9,70.9,2.3,-13.3,97.7
595,511,Publishing industries,2.0,Urban,2019.0,229,9548.5,91.2,21.0,77.0,9361.2,187.3,14448.6,7060.3,7258.0,4167.6,7190.6,1.0,58.0,1.3,2.6,76.9
597,512,Motion picture and sound recording industries,2.0,Urban,2019.0,257,9929.1,95.3,55.6,37.1,9203.9,725.1,8596.9,6957.8,7030.8,5880.3,1566.0,4.5,375.5,6.3,46.3,41.7
599,515,Broadcasting (except Internet),2.0,Urban,2019.0,38,10265.9,85.3,17.8,69.6,8976.2,1289.7,21378.0,6712.4,8475.0,4178.8,12903.0,0.7,32.4,0.8,10.0,79.1
601,517,Telecommunications,2.0,Urban,2019.0,179,10157.5,96.2,58.7,36.8,9695.3,462.2,7592.3,3540.7,4776.3,3350.9,2816.0,1.7,119.0,3.6,16.4,39.0
603,518,"Data processing, hosting, and related services",2.0,Urban,2019.0,74,9677.5,93.3,27.3,66.7,9096.9,580.7,11354.9,5569.3,6591.6,4275.4,4763.4,1.4,89.8,2.0,12.2,70.7
605,519,Other information services,2.0,Urban,2019.0,54,10418.5,93.4,18.8,68.2,9064.6,1353.9,9765.2,4442.7,4631.7,3456.4,5133.5,0.9,67.3,2.0,26.4,79.9
606,53,Real estate and rental and leasing,1.0,Rural,2019.0,100,8662.5,65.4,24.1,55.4,6882.6,1779.9,20827.9,3578.8,13866.7,4845.7,6961.2,2.0,69.6,1.2,25.6,63.2
607,53,Real estate and rental and leasing,2.0,Urban,2019.0,2132,8969.5,48.4,18.6,60.9,7134.1,1835.4,38936.7,8447.6,25706.9,8144.0,13229.7,1.9,61.6,0.7,13.9,61.5
608,531,Real estate,1.0,Rural,2019.0,51,8323.9,51.8,22.1,48.9,5906.6,2417.3,24758.2,3791.1,16481.2,4491.3,8277.0,2.0,54.3,1.0,29.2,57.4
609,531,Real estate,2.0,Urban,2019.0,1702,8929.6,40.6,15.2,61.5,6848.9,2080.6,43274.4,9080.1,28880.3,8717.6,14394.1,2.0,60.6,0.6,14.5,62.6
611,532,Rental and leasing services,2.0,Urban,2019.0,361,9101.6,81.7,35.0,57.1,8380.9,720.7,22885.4,5755.2,14258.3,6236.8,8627.1,1.7,72.3,1.1,8.4,57.1
613,533,Lessors of non-financial intangible assets (except copyrighted works),2.0,Urban,2019.0,69,9264.7,64.2,16.8,65.7,7646.3,1618.5,15918.5,6934.1,7329.4,3973.4,8589.1,0.9,46.3,1.1,18.8,73.8
614,54,"Professional, scientific and technical services",1.0,Rural,2019.0,81,8034.0,98.5,34.8,47.0,6577.3,1456.7,4635.9,2747.8,2935.0,1805.3,1700.9,1.7,106.1,4.7,85.6,64.6
615,54,"Professional, scientific and technical services",2.0,Urban,2019.0,3199,9196.7,93.3,32.6,57.9,8320.2,876.5,8858.2,4929.9,5163.6,3112.9,3694.5,1.4,84.3,2.5,23.7,65.1
616,541,"Professional, scientific and technical services",1.0,Rural,2019.0,81,8034.0,98.5,34.8,47.0,6577.3,1456.7,4635.9,2747.8,2935.0,1805.3,1700.9,1.7,106.1,4.7,85.6,64.6
617,541,"Professional, scientific and technical services",2.0,Urban,2019.0,3199,9196.7,93.3,32.6,57.9,8320.2,876.5,8858.2,4929.9,5163.6,3112.9,3694.5,1.4,84.3,2.5,23.7,65.1
618,55,Management of companies and enterprises,1.0,Rural,2019.0,47,10521.0,39.6,14.6,26.2,4287.4,6233.7,56682.7,9881.5,13368.5,6526.8,43314.2,0.3,15.1,0.2,14.4,63.2
619,55,Management of companies and enterprises,2.0,Urban,2019.0,1003,9885.8,21.7,4.6,40.5,4455.6,5430.2,159393.0,31438.7,49668.4,18428.5,109724.6,0.5,16.8,0.1,4.9,79.0
620,551,Management of companies and enterprises,1.0,Rural,2019.0,47,10521.0,39.6,14.6,26.2,4287.4,6233.7,56682.7,9881.5,13368.5,6526.8,43314.2,0.3,15.1,0.2,14.4,63.2
621,551,Management of companies and enterprises,2.0,Urban,2019.0,1003,9885.8,21.7,4.6,40.5,4455.6,5430.2,159393.0,31438.7,49668.4,18428.5,109724.6,0.5,16.8,0.1,4.9,79.0
622,56,"Administrative and support, waste management and remediation services",1.0,Rural,2019.0,135,8717.6,91.4,39.1,50.9,7843.1,874.4,7842.4,2543.2,4773.7,2129.5,3068.7,1.6,69.4,2.8,28.5,57.2
623,56,"Administrative and support, waste management and remediation services",2.0,Urban,2019.0,2074,9361.7,94.4,53.2,38.3,8570.1,791.5,7164.7,3404.1,4470.6,2509.3,2694.1,1.7,93.1,3.5,29.4,43.6
624,561,Administrative and support services,1.0,Rural,2019.0,96,8661.6,91.1,43.4,47.1,7842.9,818.7,6739.2,2479.9,3914.9,1855.2,2824.3,1.4,65.7,3.1,29.0,52.3
625,561,Administrative and support services,2.0,Urban,2019.0,1825,9333.2,94.4,53.6,37.3,8491.8,841.4,6632.1,3413.4,4163.1,2420.6,2468.9,1.7,98.0,3.8,34.1,43.2
626,562,Waste management and remediation services,1.0,Rural,2019.0,39,8855.4,92.0,28.6,59.9,7843.8,1011.6,10558.0,2699.2,6887.8,2804.5,3670.3,1.9,76.4,2.4,27.6,68.8
627,562,Waste management and remediation services,2.0,Urban,2019.0,249,9570.4,94.2,50.3,45.3,9144.4,426.0,11068.5,3335.6,6724.3,3158.7,4344.2,1.5,72.7,2.2,9.8,46.7
628,61,Educational services,1.0,Rural,2019.0,14,7172.9,45.8,1.2,89.1,6482.0,691.0,7768.2,3406.4,2335.8,1385.0,5432.4,0.4,25.5,1.3,12.7,97.3
629,61,Educational services,2.0,Urban,2019.0,267,8588.3,84.8,16.3,73.0,7666.5,921.8,8001.8,4410.3,5320.8,3913.5,2681.0,2.0,146.0,3.2,34.4,80.8
630,611,Educational services,1.0,Rural,2019.0,14,7172.9,45.8,1.2,89.1,6482.0,691.0,7768.2,3406.4,2335.8,1385.0,5432.4,0.4,25.5,1.3,12.7,97.3
631,611,Educational services,2.0,Urban,2019.0,267,8588.3,84.8,16.3,73.0,7666.5,921.8,8001.8,4410.3,5320.8,3913.5,2681.0,2.0,146.0,3.2,34.4,80.8
632,62,Health care and social assistance,1.0,Rural,2019.0,88,8721.8,67.6,11.5,81.3,8093.7,628.1,6965.6,2190.2,5068.5,1831.7,1897.1,2.7,96.6,4.6,33.1,83.0
633,62,Health care and social assistance,2.0,Urban,2019.0,983,8859.9,85.3,19.4,67.2,7671.9,1188.0,8765.1,2659.2,6815.3,2530.1,1949.8,3.5,129.8,4.5,60.9,77.3
634,621,Ambulatory health care services,1.0,Rural,2019.0,30,10163.5,78.2,22.6,68.6,9267.4,896.1,5642.6,2846.6,2582.9,2002.3,3059.7,0.8,65.4,3.3,29.3,71.1
635,621,Ambulatory health care services,2.0,Urban,2019.0,533,8730.6,91.1,24.6,58.5,7255.4,1475.2,6014.6,2591.4,3792.0,1868.9,2222.7,1.7,84.1,3.9,66.4,73.0
637,622,Hospitals,2.0,Urban,2019.0,6,10365.5,99.5,20.0,69.7,9295.8,1069.7,18277.4,2818.9,14541.0,4888.8,3736.4,3.9,130.8,2.8,28.6,79.9
638,623,Nursing and residential care facilities,1.0,Rural,2019.0,30,7654.4,85.7,1.7,93.1,7257.5,396.9,10176.0,1127.7,9526.6,1998.7,649.4,14.7,307.8,11.8,61.1,98.0
639,623,Nursing and residential care facilities,2.0,Urban,2019.0,282,9267.7,87.6,13.2,78.9,8537.2,730.5,16073.8,3002.9,14415.2,4026.8,1658.7,8.7,242.8,5.6,44.0,84.9
640,624,Social assistance,1.0,Rural,2019.0,28,8320.7,35.8,6.7,86.2,7731.9,588.8,4943.5,2625.4,2955.2,1469.9,1988.3,1.5,73.9,4.2,29.6,81.3
641,624,Social assistance,2.0,Urban,2019.0,162,8519.8,60.9,13.3,74.5,7475.9,1043.9,4739.8,2278.2,3246.9,2013.1,1492.9,2.2,134.8,5.7,69.9,78.2
642,71,"Arts, entertainment and recreation",1.0,Rural,2019.0,41,8953.2,75.0,32.2,58.7,8134.8,818.4,9870.3,2706.3,4746.5,2540.9,5123.8,0.9,49.6,1.7,16.0,57.1
643,71,"Arts, entertainment and recreation",2.0,Urban,2019.0,301,8739.9,69.5,24.9,66.3,7967.3,772.7,14457.1,4801.0,8339.6,4412.2,6117.4,1.4,72.1,1.4,12.6,64.2
645,711,"Performing arts, spectator sports and related industries",2.0,Urban,2019.0,120,8829.8,73.3,33.8,52.4,7608.4,1221.3,12319.2,5568.4,8894.8,4305.7,3424.4,2.6,125.7,2.6,35.7,53.9
647,712,Heritage institutions,2.0,Urban,2019.0,5,12382.7,86.7,24.7,78.6,12792.0,-409.3,48931.9,35175.2,40164.1,29622.4,8767.9,4.6,337.9,1.4,-4.7,71.5
648,713,"Amusement, gambling and recreation industries",1.0,Rural,2019.0,35,9175.5,72.7,31.0,59.4,8291.5,883.9,10318.9,2865.7,4991.7,2591.4,5327.1,0.9,48.6,1.7,16.6,57.4
649,713,"Amusement, gambling and recreation industries",2.0,Urban,2019.0,176,8575.2,66.2,18.6,75.5,8074.9,500.4,14935.3,3414.8,7057.0,3768.5,7878.3,0.9,47.8,1.1,6.4,71.9
650,72,Accommodation and food services,1.0,Rural,2019.0,203,8599.2,97.6,43.6,50.4,8085.0,514.2,6960.4,1760.5,4189.9,2215.0,2770.5,1.5,79.9,3.1,18.6,55.3
651,72,Accommodation and food services,2.0,Urban,2019.0,1777,8607.4,97.0,42.0,52.4,8128.8,478.6,7415.0,1873.3,5106.4,2306.7,2308.5,2.2,99.9,3.7,20.7,56.7
652,721,Accommodation services,1.0,Rural,2019.0,93,8819.4,95.3,37.7,54.5,8133.8,685.6,11075.1,2723.0,6564.9,3555.9,4510.3,1.5,78.8,2.0,15.2,60.4
653,721,Accommodation services,2.0,Urban,2019.0,385,9235.4,92.3,30.9,59.9,8388.8,846.7,20279.6,3985.2,14207.5,4993.0,6072.1,2.3,82.2,1.5,13.9,66.5
654,722,Food services and drinking places,1.0,Rural,2019.0,110,8413.0,99.6,48.9,46.7,8043.7,369.3,3481.5,946.9,2181.9,1081.4,1299.6,1.7,83.2,6.5,28.4,50.9
655,722,Food services and drinking places,2.0,Urban,2019.0,1392,8433.7,98.5,45.4,50.1,8056.9,376.8,3856.9,1289.2,2589.3,1563.7,1267.6,2.0,123.4,6.7,29.7,53.9
656,81,Other services (except public administration),1.0,Rural,2019.0,132,8666.5,86.7,51.4,36.9,7646.5,1020.0,7136.5,3211.5,2878.0,1832.5,4258.5,0.7,43.0,2.0,24.0,40.8
657,81,Other services (except public administration),2.0,Urban,2019.0,1288,8752.7,67.9,36.5,56.0,8094.7,658.0,10996.7,4662.3,4595.6,2851.6,6401.1,0.7,44.5,1.4,10.3,46.3
658,811,Repair and maintenance,1.0,Rural,2019.0,98,8330.6,99.0,64.2,27.7,7656.3,674.3,4551.1,2854.3,2611.7,1775.4,1939.4,1.3,91.5,4.3,34.8,35.1
659,811,Repair and maintenance,2.0,Urban,2019.0,587,8420.9,97.7,62.0,30.5,7783.2,637.7,5155.5,3042.8,2986.7,1748.7,2168.8,1.4,80.6,3.9,29.4,36.6
662,813,"Religious, grant-making, civic, and professional and similar organizations",1.0,Rural,2019.0,24,9912.5,44.1,16.5,61.4,7725.5,2187.0,17274.5,5092.5,2749.5,1465.9,14525.0,0.2,10.1,0.7,15.1,62.6
663,813,"Religious, grant-making, civic, and professional and similar organizations",2.0,Urban,2019.0,529,9117.0,29.4,9.8,82.6,8428.4,688.5,18216.8,7022.2,5831.2,4212.7,12385.7,0.5,34.0,0.7,5.6,66.6
